seq_num,zone,sensitivity,hub_id,hub_channel,sensor_id,camera_ip,camera_description,camera_preset,smart_patrol,latitude,longitude,logicalzone,fire_trigger,light_cntrl_ip,light_channel,light_cntrl_description
1,1,Level-3,HUB- 1,Right,1,172.16.1.103,Cam-103,1,Enabled,34.060124,74.885933,14 EME,50,192.168.1.254,Right,Controller
2,1,Level-3,HUB- 1,Right,2,172.16.1.103,Cam-103,1,Enabled,34.060107,74.885929,14 EME,50,192.168.1.254,Right,Controller
3,1,Level-3,HUB- 1,Right,3,172.16.1.103,Cam-103,1,Enabled,34.060083,74.885929,14 EME,50,192.168.1.254,Right,Controller
4,1,Level-3,HUB- 1,Right,4,172.16.1.103,Cam-103,1,Enabled,34.060061,74.885929,14 EME,50,192.168.1.254,Right,Controller
5,1,Level-3,HUB- 1,Right,5,172.16.1.103,Cam-103,1,Enabled,34.060039,74.885928,14 EME,50,192.168.1.254,Right,Controller
6,1,Level-3,HUB- 1,Right,6,172.16.1.103,Cam-103,2,Enabled,34.060016,74.885927,14 EME,50,192.168.1.254,Right,Controller
7,1,Level-3,HUB- 1,Right,7,172.16.1.103,Cam-103,2,Enabled,34.059993,74.885925,14 EME,50,192.168.1.254,Right,Controller
8,1,Level-3,HUB- 1,Right,8,172.16.1.103,Cam-103,2,Enabled,34.059968,74.885924,14 EME,50,192.168.1.254,Right,Controller
9,1,Level-3,HUB- 1,Right,9,172.16.1.103,Cam-103,2,Enabled,34.059946,74.885923,14 EME,50,192.168.1.254,Right,Controller
10,1,Level-3,HUB- 1,Right,10,172.16.1.103,Cam-103,3,Enabled,34.059923,74.885923,14 EME,50,192.168.1.254,Right,Controller
11,1,Level-3,HUB- 1,Right,11,172.16.1.103,Cam-103,3,Enabled,34.0599,74.885923,14 EME,50,192.168.1.254,Right,Controller
12,1,Level-3,HUB- 1,Right,12,172.16.1.103,Cam-103,3,Enabled,34.059883,74.885921,14 EME,50,192.168.1.254,Right,Controller
13,1,Level-3,HUB- 1,Right,13,172.16.1.103,Cam-103,3,Enabled,34.059867,74.885896,14 EME,50,192.168.1.254,Right,Controller
14,1,Level-3,HUB- 1,Right,14,172.16.1.103,Cam-103,3,Enabled,34.059846,74.88587,14 EME,50,192.168.1.254,Right,Controller
15,1,Level-3,HUB- 1,Right,15,172.16.1.103,Cam-103,3,Enabled,34.059828,74.885845,14 EME,50,192.168.1.254,Right,Controller
16,1,Level-3,HUB- 1,Right,16,172.16.1.103,Cam-103,3,Enabled,34.059812,74.885821,14 EME,50,192.168.1.254,Right,Controller
17,1,Level-3,HUB- 1,Right,17,172.16.1.103,Cam-103,3,Enabled,34.059794,74.885795,14 EME,50,192.168.1.254,Right,Controller
18,1,Level-3,HUB- 1,Right,18,172.16.1.103,Cam-103,3,Enabled,34.05978,74.885778,14 EME,50,192.168.1.254,Right,Controller
19,1,Level-3,HUB- 1,Right,19,172.16.1.103,Cam-103,3,Enabled,34.059764,74.88576,14 EME,50,192.168.1.254,Right,Controller
20,1,Level-3,HUB- 1,Right,20,172.16.1.103,Cam-103,3,Enabled,34.059748,74.88574,14 EME,50,192.168.1.254,Right,Controller
21,1,Level-3,HUB- 1,Right,21,172.16.1.103,Cam-103,3,Enabled,34.059731,74.885723,14 EME,50,192.168.1.254,Right,Controller
22,1,Level-3,HUB- 1,Right,22,172.16.1.103,Cam-103,3,Enabled,34.059708,74.885699,14 EME,50,192.168.1.254,Right,Controller
23,1,Level-3,HUB- 1,Right,23,172.16.1.103,Cam-103,3,Enabled,34.059685,74.885669,14 EME,50,192.168.1.254,Right,Controller
24,1,Level-3,HUB- 1,Right,24,172.16.1.103,Cam-103,3,Enabled,34.059655,74.88565,14 EME,50,192.168.1.254,Right,Controller
25,1,Level-3,HUB- 1,Right,25,172.16.1.103,Cam-103,3,Enabled,34.05963,74.885637,14 EME,50,192.168.1.254,Right,Controller
26,2,Level-3,HUB- 1,Right,26,172.16.1.103,Cam-103,4,Enabled,34.059574,74.885619,14 EME,50,192.168.1.254,Right,Controller
27,2,Level-3,HUB- 1,Right,27,172.16.1.103,Cam-103,4,Enabled,34.059547,74.885602,14 EME,50,192.168.1.254,Right,Controller
28,2,Level-3,HUB- 1,Right,28,172.16.1.103,Cam-103,4,Enabled,34.059519,74.885579,14 EME,50,192.168.1.254,Right,Controller
29,2,Level-3,HUB- 1,Right,29,172.16.1.103,Cam-103,4,Enabled,34.059491,74.88556,14 EME,50,192.168.1.254,Right,Controller
30,2,Level-3,HUB- 1,Right,30,172.16.1.103,Cam-103,4,Enabled,34.059464,74.88554,14 EME,50,192.168.1.254,Right,Controller
31,2,Level-3,HUB- 1,Right,31,172.16.1.103,Cam-103,4,Enabled,34.059441,74.885527,14 EME,50,192.168.1.254,Right,Controller
32,2,Level-3,HUB- 1,Right,32,172.16.1.103,Cam-103,4,Enabled,34.059416,74.885512,14 EME,50,192.168.1.254,Right,Controller
33,2,Level-3,HUB- 1,Right,33,172.16.1.103,Cam-103,4,Enabled,34.059391,74.885509,14 EME,50,192.168.1.254,Right,Controller
34,2,Level-3,HUB- 1,Right,34,172.16.1.103,Cam-103,4,Enabled,34.059372,74.885511,14 EME,50,192.168.1.254,Right,Controller
35,2,Level-3,HUB- 1,Right,35,172.16.1.103,Cam-103,4,Enabled,34.059349,74.885522,14 EME,50,192.168.1.254,Right,Controller
36,2,Level-3,HUB- 1,Right,36,172.16.1.103,Cam-103,4,Enabled,34.059326,74.885528,14 EME,50,192.168.1.254,Right,Controller
37,2,Level-3,HUB- 1,Right,37,172.16.1.103,Cam-103,4,Enabled,34.059306,74.885539,14 EME,50,192.168.1.254,Right,Controller
38,2,Level-3,HUB- 1,Right,38,172.16.1.103,Cam-103,4,Enabled,34.059291,74.885556,14 EME,50,192.168.1.254,Right,Controller
39,2,Level-3,HUB- 1,Right,39,172.16.1.103,Cam-103,4,Enabled,34.059276,74.885571,14 EME,50,192.168.1.254,Right,Controller
40,2,Level-3,HUB- 1,Right,40,172.16.1.103,Cam-103,4,Enabled,34.059257,74.885577,14 EME,50,192.168.1.254,Right,Controller
41,2,Level-3,HUB- 1,Right,41,172.16.1.103,Cam-103,4,Enabled,34.05924,74.885571,14 EME,50,192.168.1.254,Right,Controller
42,2,Level-3,HUB- 1,Right,42,172.16.1.103,Cam-103,4,Enabled,34.059222,74.885562,14 EME,50,192.168.1.254,Right,Controller
43,2,Level-3,HUB- 1,Right,43,172.16.1.103,Cam-103,4,Enabled,34.059205,74.885543,14 EME,50,192.168.1.254,Right,Controller
44,2,Level-3,HUB- 1,Right,44,172.16.1.103,Cam-103,4,Enabled,34.05919,74.885518,14 EME,50,192.168.1.254,Right,Controller
45,2,Level-3,HUB- 1,Right,45,172.16.1.103,Cam-103,4,Enabled,34.059177,74.885489,14 EME,50,192.168.1.254,Right,Controller
46,2,Level-3,HUB- 1,Right,46,172.16.1.103,Cam-103,5,Enabled,34.059165,74.885463,14 EME,50,192.168.1.254,Right,Controller
47,2,Level-3,HUB- 1,Right,47,172.16.1.103,Cam-103,5,Enabled,34.059153,74.885434,14 EME,50,192.168.1.254,Right,Controller
48,2,Level-3,HUB- 1,Right,48,172.16.1.103,Cam-103,5,Enabled,34.059135,74.885408,14 EME,50,192.168.1.254,Right,Controller
49,2,Level-3,HUB- 1,Right,49,172.16.1.103,Cam-103,5,Enabled,34.059119,74.885383,14 EME,50,192.168.1.254,Right,Controller
50,2,Level-3,HUB- 1,Right,50,172.16.1.103,Cam-103,5,Enabled,34.059106,74.885362,14 EME,50,192.168.1.254,Right,Controller
51,3,Level-3,HUB- 1,Right,51,172.16.1.103,Cam-103,5,Enabled,34.059075,74.885328,14 EME,50,192.168.1.254,Right,Controller
52,3,Level-3,HUB- 1,Right,52,172.16.1.103,Cam-103,5,Enabled,34.059056,74.885303,14 EME,50,192.168.1.254,Right,Controller
53,3,Level-3,HUB- 1,Right,53,172.16.1.103,Cam-103,5,Enabled,34.059035,74.885281,14 EME,50,192.168.1.254,Right,Controller
54,3,Level-3,HUB- 1,Right,54,172.16.1.103,Cam-103,5,Enabled,34.059016,74.885263,14 EME,50,192.168.1.254,Right,Controller
55,3,Level-3,HUB- 1,Right,55,172.16.1.103,Cam-103,5,Enabled,34.058998,74.885239,14 EME,50,192.168.1.254,Right,Controller
56,3,Level-3,HUB- 1,Right,56,172.16.1.103,Cam-103,5,Enabled,34.05898,74.88522,14 EME,50,192.168.1.254,Right,Controller
57,3,Level-3,HUB- 1,Right,57,172.16.1.103,Cam-103,5,Enabled,34.05896,74.8852,14 EME,50,192.168.1.254,Right,Controller
58,3,Level-3,HUB- 1,Right,58,172.16.1.103,Cam-103,5,Enabled,34.058941,74.885198,14 EME,50,192.168.1.254,Right,Controller
59,3,Level-3,HUB- 1,Right,59,172.16.1.103,Cam-103,5,Enabled,34.058921,74.885197,14 EME,50,192.168.1.254,Right,Controller
60,3,Level-3,HUB- 1,Right,60,172.16.1.103,Cam-103,5,Enabled,34.058906,74.88521,14 EME,50,192.168.1.254,Right,Controller
61,3,Level-3,HUB- 1,Right,61,172.16.1.108,Cam-108,1,Enabled,34.0589,74.885229,14 EME,50,192.168.1.254,Right,Controller
62,3,Level-3,HUB- 1,Right,62,172.16.1.108,Cam-108,1,Enabled,34.058886,74.885256,14 EME,50,192.168.1.254,Right,Controller
63,3,Level-3,HUB- 1,Right,63,172.16.1.108,Cam-108,1,Enabled,34.058876,74.885291,14 EME,50,192.168.1.254,Right,Controller
64,3,Level-3,HUB- 1,Right,64,172.16.1.108,Cam-108,1,Enabled,34.05887,74.885323,14 EME,50,192.168.1.254,Right,Controller
65,3,Level-3,HUB- 1,Right,65,172.16.1.108,Cam-108,1,Enabled,34.058863,74.885345,14 EME,50,192.168.1.254,Right,Controller
66,3,Level-3,HUB- 1,Right,66,172.16.1.108,Cam-108,1,Enabled,34.05885,74.885366,14 EME,50,192.168.1.254,Right,Controller
67,3,Level-3,HUB- 1,Right,67,172.16.1.108,Cam-108,1,Enabled,34.058825,74.885375,14 EME,50,192.168.1.254,Right,Controller
68,3,Level-3,HUB- 1,Right,68,172.16.1.108,Cam-108,1,Enabled,34.0588,74.885358,14 EME,50,192.168.1.254,Right,Controller
69,3,Level-3,HUB- 1,Right,69,172.16.1.108,Cam-108,1,Enabled,34.058776,74.885349,14 EME,50,192.168.1.254,Right,Controller
70,3,Level-3,HUB- 1,Right,70,172.16.1.108,Cam-108,1,Enabled,34.058751,74.885349,14 EME,50,192.168.1.254,Right,Controller
71,3,Level-3,HUB- 1,Right,71,172.16.1.108,Cam-108,1,Enabled,34.058729,74.885355,14 EME,50,192.168.1.254,Right,Controller
72,3,Level-3,HUB- 1,Right,72,172.16.1.108,Cam-108,1,Enabled,34.058703,74.885358,14 EME,50,192.168.1.254,Right,Controller
73,3,Level-3,HUB- 1,Right,73,172.16.1.108,Cam-108,1,Enabled,34.058679,74.885355,14 EME,50,192.168.1.254,Right,Controller
74,3,Level-3,HUB- 1,Right,74,172.16.1.108,Cam-108,1,Enabled,34.058645,74.885361,14 EME,50,192.168.1.254,Right,Controller
75,3,Level-3,HUB- 1,Right,75,172.16.1.108,Cam-108,1,Enabled,34.05862,74.885377,14 EME,50,192.168.1.254,Right,Controller
76,4,Level-3,HUB- 1,Right,76,172.16.1.108,Cam-108,1,Enabled,34.058588,74.885401,14 EME,50,192.168.1.254,Right,Controller
77,4,Level-3,HUB- 1,Right,77,172.16.1.108,Cam-108,1,Enabled,34.058572,74.885424,14 EME,50,192.168.1.254,Right,Controller
78,4,Level-3,HUB- 1,Right,78,172.16.1.108,Cam-108,1,Enabled,34.058553,74.885445,14 EME,50,192.168.1.254,Right,Controller
79,4,Level-3,HUB- 1,Right,79,172.16.1.108,Cam-108,1,Enabled,34.058534,74.885471,14 EME,50,192.168.1.254,Right,Controller
80,4,Level-3,HUB- 1,Right,80,172.16.1.108,Cam-108,1,Enabled,34.058513,74.885472,14 EME,50,192.168.1.254,Right,Controller
81,4,Level-3,HUB- 1,Right,81,172.16.1.108,Cam-108,1,Enabled,34.058489,74.885472,14 EME,50,192.168.1.254,Right,Controller
82,4,Level-3,HUB- 1,Right,82,172.16.1.108,Cam-108,1,Enabled,34.058466,74.885476,14 EME,50,192.168.1.254,Right,Controller
83,4,Level-3,HUB- 1,Right,83,172.16.1.108,Cam-108,2,Enabled,34.058445,74.885483,14 EME,50,192.168.1.254,Right,Controller
84,4,Level-3,HUB- 1,Right,84,172.16.1.108,Cam-108,2,Enabled,34.058426,74.885493,14 EME,50,192.168.1.254,Right,Controller
85,4,Level-3,HUB- 1,Right,85,172.16.1.108,Cam-108,2,Enabled,34.058406,74.885504,14 EME,50,192.168.1.254,Right,Controller
86,4,Level-3,HUB- 1,Right,86,172.16.1.108,Cam-108,2,Enabled,34.058405,74.885539,14 EME,50,192.168.1.254,Right,Controller
87,4,Level-3,HUB- 1,Right,87,172.16.1.108,Cam-108,2,Enabled,34.058403,74.885574,14 EME,50,192.168.1.254,Right,Controller
88,4,Level-3,HUB- 1,Right,88,172.16.1.108,Cam-108,3,Enabled,34.058385,74.885601,14 EME,50,192.168.1.254,Right,Controller
89,4,Level-3,HUB- 1,Right,89,172.16.1.108,Cam-108,3,Enabled,34.058365,74.885614,14 EME,50,192.168.1.254,Right,Controller
90,4,Level-3,HUB- 1,Right,90,172.16.1.108,Cam-108,3,Enabled,34.058345,74.885614,14 EME,50,192.168.1.254,Right,Controller
91,4,Level-3,HUB- 1,Right,91,172.16.1.108,Cam-108,4,Enabled,34.058326,74.885606,14 EME,50,192.168.1.254,Right,Controller
92,4,Level-3,HUB- 1,Right,92,172.16.1.108,Cam-108,4,Enabled,34.05831,74.885598,14 EME,50,192.168.1.254,Right,Controller
93,4,Level-3,HUB- 1,Right,93,172.16.1.108,Cam-108,4,Enabled,34.058298,74.885581,14 EME,50,192.168.1.254,Right,Controller
94,4,Level-3,HUB- 1,Right,94,172.16.1.108,Cam-108,4,Enabled,34.058281,74.885559,14 EME,50,192.168.1.254,Right,Controller
95,4,Level-3,HUB- 1,Right,95,172.16.1.108,Cam-108,4,Enabled,34.058258,74.885543,14 EME,50,192.168.1.254,Right,Controller
96,4,Level-3,HUB- 1,Right,96,172.16.1.108,Cam-108,4,Enabled,34.058232,74.885542,14 EME,50,192.168.1.254,Right,Controller
97,4,Level-3,HUB- 1,Right,97,172.16.1.108,Cam-108,4,Enabled,34.058207,74.885539,14 EME,50,192.168.1.254,Right,Controller
98,4,Level-3,HUB- 1,Right,98,172.16.1.108,Cam-108,4,Enabled,34.058178,74.885534,14 EME,50,192.168.1.254,Right,Controller
99,4,Level-3,HUB- 1,Right,99,172.16.1.108,Cam-108,4,Enabled,34.05816,74.885508,14 EME,50,192.168.1.254,Right,Controller
100,4,Level-3,HUB- 1,Right,100,172.16.1.108,Cam-108,4,Enabled,34.058145,74.885484,14 EME,50,192.168.1.254,Right,Controller
101,5,Level-3,HUB- 1,Right,101,172.16.1.108,Cam-108,4,Enabled,34.058131,74.885458,14 EME,50,192.168.1.254,Right,Controller
102,5,Level-3,HUB- 1,Right,102,172.16.1.109,Cam-109,1,Enabled,34.058122,74.885441,14 EME,50,192.168.1.254,Right,Controller
103,5,Level-3,HUB- 1,Right,103,172.16.1.109,Cam-109,1,Enabled,34.058104,74.885424,14 EME,50,192.168.1.254,Right,Controller
104,5,Level-2,HUB- 1,Right,104,172.16.1.109,Cam-109,1,Enabled,34.05808,74.885405,14 EME,50,192.168.1.254,Right,Controller
105,5,Level-3,HUB- 1,Right,105,172.16.1.109,Cam-109,1,Enabled,34.058055,74.885386,14 EME,50,192.168.1.254,Right,Controller
106,5,Level-3,HUB- 1,Right,106,172.16.1.109,Cam-109,1,Enabled,34.058032,74.88537,14 EME,50,192.168.1.254,Right,Controller
107,5,Level-3,HUB- 1,Right,107,172.16.1.109,Cam-109,1,Enabled,34.058012,74.885349,14 EME,50,192.168.1.254,Right,Controller
108,5,Level-3,HUB- 1,Right,108,172.16.1.109,Cam-109,1,Enabled,34.057997,74.885326,14 EME,50,192.168.1.254,Right,Controller
109,5,Level-3,HUB- 1,Right,109,172.16.1.109,Cam-109,1,Enabled,34.05798,74.885308,14 EME,50,192.168.1.254,Right,Controller
110,5,Level-3,HUB- 1,Right,110,172.16.1.109,Cam-109,1,Enabled,34.057958,74.885295,14 EME,50,192.168.1.254,Right,Controller
111,5,Level-3,HUB- 1,Right,111,172.16.1.109,Cam-109,1,Enabled,34.05794,74.885288,14 EME,50,192.168.1.254,Right,Controller
112,5,Level-3,HUB- 1,Right,112,172.16.1.109,Cam-109,1,Enabled,34.057921,74.885277,14 EME,50,192.168.1.254,Right,Controller
113,5,Level-3,HUB- 1,Right,113,172.16.1.109,Cam-109,1,Enabled,34.057901,74.885268,14 EME,50,192.168.1.254,Right,Controller
114,5,Level-3,HUB- 1,Right,114,172.16.1.109,Cam-109,1,Enabled,34.057882,74.885257,14 EME,50,192.168.1.254,Right,Controller
115,5,Level-3,HUB- 1,Right,115,172.16.1.109,Cam-109,1,Enabled,34.057861,74.885247,14 EME,50,192.168.1.254,Right,Controller
116,5,Level-3,HUB- 1,Right,116,172.16.1.109,Cam-109,1,Enabled,34.057843,74.885235,14 EME,50,192.168.1.254,Right,Controller
117,5,Level-3,HUB- 1,Right,117,172.16.1.109,Cam-109,1,Enabled,34.057825,74.885225,14 EME,50,192.168.1.254,Right,Controller
118,5,Level-3,HUB- 1,Right,118,172.16.1.109,Cam-109,1,Enabled,34.057806,74.885214,14 EME,50,192.168.1.254,Right,Controller
119,5,Level-3,HUB- 1,Right,119,172.16.1.109,Cam-109,1,Enabled,34.057787,74.8852,14 EME,50,192.168.1.254,Right,Controller
120,5,Level-3,HUB- 1,Right,120,172.16.1.109,Cam-109,1,Enabled,34.057764,74.885184,14 EME,50,192.168.1.254,Right,Controller
121,5,Level-3,HUB- 1,Right,121,172.16.1.109,Cam-109,1,Enabled,34.057744,74.885167,14 EME,50,192.168.1.254,Right,Controller
122,5,Level-3,HUB- 1,Right,122,172.16.1.109,Cam-109,1,Enabled,34.057715,74.885149,14 EME,50,192.168.1.254,Right,Controller
123,5,Level-3,HUB- 1,Right,123,172.16.1.109,Cam-109,1,Enabled,34.057686,74.885131,14 EME,50,192.168.1.254,Right,Controller
124,5,Level-3,HUB- 1,Right,124,172.16.1.109,Cam-109,1,Enabled,34.057658,74.885121,14 EME,50,192.168.1.254,Right,Controller
125,5,Level-3,HUB- 1,Right,125,172.16.1.109,Cam-109,1,Enabled,34.057629,74.885106,14 EME,50,192.168.1.254,Right,Controller
126,6,Level-3,HUB- 1,Right,126,172.16.1.109,Cam-109,1,Enabled,34.057572,74.885066,14 EME,50,192.168.1.254,Right,Controller
127,6,Level-3,HUB- 1,Right,127,172.16.1.109,Cam-109,1,Enabled,34.057551,74.885041,14 EME,50,192.168.1.254,Right,Controller
128,6,Level-3,HUB- 1,Right,128,172.16.1.109,Cam-109,1,Enabled,34.057535,74.88502,14 EME,50,192.168.1.254,Right,Controller
129,6,Level-3,HUB- 1,Right,129,172.16.1.109,Cam-109,1,Enabled,34.057512,74.885004,14 EME,50,192.168.1.254,Right,Controller
130,6,Level-3,HUB- 1,Right,130,172.16.1.109,Cam-109,1,Enabled,34.057488,74.884986,14 EME,50,192.168.1.254,Right,Controller
131,6,Level-3,HUB- 1,Right,131,172.16.1.109,Cam-109,1,Enabled,34.057464,74.88497,14 EME,50,192.168.1.254,Right,Controller
132,6,Level-3,HUB- 1,Right,132,172.16.1.109,Cam-109,1,Enabled,34.057441,74.88496,14 EME,50,192.168.1.254,Right,Controller
133,6,Level-3,HUB- 1,Right,133,172.16.1.109,Cam-109,1,Enabled,34.057417,74.884949,14 EME,50,192.168.1.254,Right,Controller
134,6,Level-3,HUB- 1,Right,134,172.16.1.109,Cam-109,1,Enabled,34.057397,74.884939,14 EME,50,192.168.1.254,Right,Controller
135,6,Level-3,HUB- 1,Right,135,172.16.1.109,Cam-109,1,Enabled,34.057378,74.884925,14 EME,50,192.168.1.254,Right,Controller
136,6,Level-3,HUB- 1,Right,136,172.16.1.109,Cam-109,1,Enabled,34.057361,74.884907,14 EME,50,192.168.1.254,Right,Controller
137,6,Level-3,HUB- 1,Right,137,172.16.1.109,Cam-109,1,Enabled,34.057345,74.884891,14 EME,50,192.168.1.254,Right,Controller
138,6,Level-3,HUB- 1,Right,138,172.16.1.109,Cam-109,1,Enabled,34.05733,74.884874,14 EME,50,192.168.1.254,Right,Controller
139,6,Level-3,HUB- 1,Right,139,172.16.1.109,Cam-109,1,Enabled,34.057314,74.884855,14 EME,50,192.168.1.254,Right,Controller
140,6,Level-3,HUB- 1,Right,140,172.16.1.109,Cam-109,1,Enabled,34.057299,74.88484,14 EME,50,192.168.1.254,Right,Controller
141,6,Level-3,HUB- 1,Right,141,172.16.1.109,Cam-109,1,Enabled,34.057286,74.884825,14 EME,50,192.168.1.254,Right,Controller
142,6,Level-3,HUB- 1,Right,142,172.16.1.109,Cam-109,1,Enabled,34.057269,74.884808,14 EME,50,192.168.1.254,Right,Controller
143,6,Level-3,HUB- 1,Right,143,172.16.1.109,Cam-109,1,Enabled,34.057256,74.884793,14 EME,50,192.168.1.254,Right,Controller
144,6,Level-3,HUB- 1,Right,144,172.16.1.109,Cam-109,1,Enabled,34.057237,74.884768,14 EME,50,192.168.1.254,Right,Controller
145,6,Level-3,HUB- 1,Right,145,172.16.1.109,Cam-109,1,Enabled,34.057215,74.884744,14 EME,50,192.168.1.254,Right,Controller
146,6,Level-3,HUB- 1,Right,146,172.16.1.109,Cam-109,1,Enabled,34.057194,74.884722,14 EME,50,192.168.1.254,Right,Controller
147,6,Level-3,HUB- 1,Right,147,172.16.1.109,Cam-109,1,Enabled,34.057171,74.884699,14 EME,50,192.168.1.254,Right,Controller
148,6,Level-3,HUB- 1,Right,148,172.16.1.109,Cam-109,1,Enabled,34.057142,74.88467,14 EME,50,192.168.1.254,Right,Controller
149,6,Level-3,HUB- 1,Right,149,172.16.1.109,Cam-109,1,Enabled,34.057115,74.884646,14 EME,50,192.168.1.254,Right,Controller
150,6,Level-3,HUB- 1,Right,150,172.16.1.109,Cam-109,1,Enabled,34.05708,74.88462,14 EME,50,192.168.1.254,Right,Controller
151,7,Level-3,HUB- 2,Left,150,172.16.1.103,Cam-103,1,Enabled,34.06017,74.885944,14 EME,50,192.168.1.254,Right,Controller
152,7,Level-3,HUB- 2,Left,149,172.16.1.103,Cam-103,1,Enabled,34.060204,74.885949,14 EME,50,192.168.1.254,Right,Controller
153,7,Level-3,HUB- 2,Left,148,172.16.1.103,Cam-103,1,Enabled,34.060242,74.885953,14 EME,50,192.168.1.254,Right,Controller
154,7,Level-3,HUB- 2,Left,147,172.16.1.103,Cam-103,1,Enabled,34.060283,74.885957,14 EME,50,192.168.1.254,Right,Controller
155,7,Level-3,HUB- 2,Left,146,172.16.1.103,Cam-103,1,Enabled,34.06032,74.885961,14 EME,50,192.168.1.254,Right,Controller
156,7,Level-3,HUB- 2,Left,145,172.16.1.103,Cam-103,1,Enabled,34.060357,74.885965,14 EME,50,192.168.1.254,Right,Controller
157,7,Level-3,HUB- 2,Left,144,172.16.1.103,Cam-103,1,Enabled,34.060392,74.885969,14 EME,50,192.168.1.254,Right,Controller
158,7,Level-3,HUB- 2,Left,143,172.16.1.103,Cam-103,1,Enabled,34.060427,74.885975,14 EME,50,192.168.1.254,Right,Controller
159,7,Level-3,HUB- 2,Left,142,172.16.1.103,Cam-103,1,Enabled,34.060449,74.885981,14 EME,50,192.168.1.254,Right,Controller
160,7,Level-3,HUB- 2,Left,141,172.16.1.103,Cam-103,1,Enabled,34.060475,74.885986,14 EME,50,192.168.1.254,Right,Controller
161,7,Level-3,HUB- 2,Left,140,172.16.1.103,Cam-103,1,Enabled,34.060498,74.885989,14 EME,50,192.168.1.254,Right,Controller
162,7,Level-3,HUB- 2,Left,139,172.16.1.103,Cam-103,1,Enabled,34.060521,74.885993,14 EME,50,192.168.1.254,Right,Controller
163,7,Level-3,HUB- 2,Left,138,172.16.1.103,Cam-103,1,Enabled,34.060546,74.885998,14 EME,50,192.168.1.254,Right,Controller
164,7,Level-3,HUB- 2,Left,137,172.16.1.103,Cam-103,1,Enabled,34.060575,74.886002,14 EME,50,192.168.1.254,Right,Controller
165,7,Level-3,HUB- 2,Left,136,172.16.1.103,Cam-103,1,Enabled,34.060596,74.886004,14 EME,50,192.168.1.254,Right,Controller
166,7,Level-3,HUB- 2,Left,135,172.16.1.103,Cam-103,1,Enabled,34.060617,74.886009,14 EME,50,192.168.1.254,Right,Controller
167,7,Level-3,HUB- 2,Left,134,172.16.1.103,Cam-103,1,Enabled,34.060632,74.886011,14 EME,50,192.168.1.254,Right,Controller
168,7,Level-3,HUB- 2,Left,133,172.16.1.103,Cam-103,1,Enabled,34.06065,74.886014,14 EME,50,192.168.1.254,Right,Controller
169,7,Level-3,HUB- 2,Left,132,172.16.1.103,Cam-103,1,Enabled,34.060668,74.886013,14 EME,50,192.168.1.254,Right,Controller
170,7,Level-3,HUB- 2,Left,131,172.16.1.98,Cam-98,5,Enabled,34.06069,74.886012,14 EME,50,192.168.1.254,Right,Controller
171,7,Level-3,HUB- 2,Left,130,172.16.1.98,Cam-98,5,Enabled,34.060704,74.886005,14 EME,50,192.168.1.254,Right,Controller
172,7,Level-3,HUB- 2,Left,129,172.16.1.98,Cam-98,5,Enabled,34.060716,74.886004,14 EME,50,192.168.1.254,Right,Controller
173,7,Level-3,HUB- 2,Left,128,172.16.1.98,Cam-98,5,Enabled,34.060732,74.886002,14 EME,50,192.168.1.254,Right,Controller
174,7,Level-3,HUB- 2,Left,127,172.16.1.98,Cam-98,5,Enabled,34.060745,74.886004,14 EME,50,192.168.1.254,Right,Controller
175,7,Level-3,HUB- 2,Left,126,172.16.1.98,Cam-98,5,Enabled,34.060765,74.886006,14 EME,50,192.168.1.254,Right,Controller
176,8,Level-3,HUB- 2,Left,125,172.16.1.98,Cam-98,4,Enabled,34.060795,74.886002,14 EME,50,192.168.1.254,Right,Controller
177,8,Level-3,HUB- 2,Left,124,172.16.1.98,Cam-98,4,Enabled,34.060824,74.886006,14 EME,50,192.168.1.254,Right,Controller
178,8,Level-3,HUB- 2,Left,123,172.16.1.98,Cam-98,4,Enabled,34.060858,74.886008,14 EME,50,192.168.1.254,Right,Controller
179,8,Level-3,HUB- 2,Left,122,172.16.1.98,Cam-98,4,Enabled,34.060894,74.88601,14 EME,50,192.168.1.254,Right,Controller
180,8,Level-3,HUB- 2,Left,121,172.16.1.98,Cam-98,4,Enabled,34.060935,74.886014,14 EME,50,192.168.1.254,Right,Controller
181,8,Level-3,HUB- 2,Left,120,172.16.1.98,Cam-98,4,Enabled,34.060971,74.886018,14 EME,50,192.168.1.254,Right,Controller
182,8,Level-3,HUB- 2,Left,119,172.16.1.98,Cam-98,4,Enabled,34.061008,74.886019,14 EME,50,192.168.1.254,Right,Controller
183,8,Level-3,HUB- 2,Left,118,172.16.1.98,Cam-98,4,Enabled,34.061043,74.886019,14 EME,50,192.168.1.254,Right,Controller
184,8,Level-3,HUB- 2,Left,117,172.16.1.98,Cam-98,4,Enabled,34.061073,74.88602,14 EME,50,192.168.1.254,Right,Controller
185,8,Level-3,HUB- 2,Left,116,172.16.1.98,Cam-98,4,Enabled,34.061097,74.886024,14 EME,50,192.168.1.254,Right,Controller
186,8,Level-3,HUB- 2,Left,115,172.16.1.98,Cam-98,4,Enabled,34.061125,74.886024,14 EME,50,192.168.1.254,Right,Controller
187,8,Level-3,HUB- 2,Left,114,172.16.1.98,Cam-98,4,Enabled,34.061149,74.886032,14 EME,50,192.168.1.254,Right,Controller
188,8,Level-3,HUB- 2,Left,113,172.16.1.98,Cam-98,4,Enabled,34.061173,74.88603,14 EME,50,192.168.1.254,Right,Controller
189,8,Level-3,HUB- 2,Left,112,172.16.1.98,Cam-98,4,Enabled,34.061194,74.886031,14 EME,50,192.168.1.254,Right,Controller
190,8,Level-3,HUB- 2,Left,111,172.16.1.98,Cam-98,4,Enabled,34.061218,74.886034,14 EME,50,192.168.1.254,Right,Controller
191,8,Level-3,HUB- 2,Left,110,172.16.1.98,Cam-98,4,Enabled,34.061239,74.886035,14 EME,50,192.168.1.254,Right,Controller
192,8,Level-3,HUB- 2,Left,109,172.16.1.98,Cam-98,4,Enabled,34.061257,74.886038,14 EME,50,192.168.1.254,Right,Controller
193,8,Level-3,HUB- 2,Left,108,172.16.1.98,Cam-98,4,Enabled,34.061292,74.886041,14 EME,50,192.168.1.254,Right,Controller
194,8,Level-3,HUB- 2,Left,107,172.16.1.98,Cam-98,4,Enabled,34.061313,74.886039,14 EME,50,192.168.1.254,Right,Controller
195,8,Level-3,HUB- 2,Left,106,172.16.1.98,Cam-98,4,Enabled,34.061337,74.886047,14 EME,50,192.168.1.254,Right,Controller
196,8,Level-3,HUB- 2,Left,105,172.16.1.98,Cam-98,4,Enabled,34.061359,74.886055,14 EME,50,192.168.1.254,Right,Controller
197,8,Level-3,HUB- 2,Left,104,172.16.1.98,Cam-98,4,Enabled,34.061386,74.886054,14 EME,50,192.168.1.254,Right,Controller
198,8,Level-3,HUB- 2,Left,103,172.16.1.98,Cam-98,4,Enabled,34.06142,74.886065,14 EME,50,192.168.1.254,Right,Controller
199,8,Level-3,HUB- 2,Left,102,172.16.1.98,Cam-98,4,Enabled,34.061435,74.886069,14 EME,50,192.168.1.254,Right,Controller
200,8,Level-3,HUB- 2,Left,101,172.16.1.98,Cam-98,4,Enabled,34.061464,74.886078,14 EME,50,192.168.1.254,Right,Controller
201,9,Level-3,HUB- 2,Left,100,172.16.1.98,Cam-98,4,Enabled,34.061495,74.886094,14 EME,50,192.168.1.254,Right,Controller
202,9,Level-3,HUB- 2,Left,99,172.16.1.98,Cam-98,4,Enabled,34.06153,74.886113,14 EME,50,192.168.1.254,Right,Controller
203,9,Level-3,HUB- 2,Left,98,172.16.1.98,Cam-98,4,Enabled,34.061566,74.886134,14 EME,50,192.168.1.254,Right,Controller
204,9,Level-3,HUB- 2,Left,97,172.16.1.98,Cam-98,4,Enabled,34.061605,74.886153,14 EME,50,192.168.1.254,Right,Controller
205,9,Level-3,HUB- 2,Left,96,172.16.1.98,Cam-98,3,Enabled,34.061638,74.886172,14 EME,50,192.168.1.254,Right,Controller
206,9,Level-3,HUB- 2,Left,95,172.16.1.98,Cam-98,3,Enabled,34.061663,74.886187,14 EME,50,192.168.1.254,Right,Controller
207,9,Level-3,HUB- 2,Left,94,172.16.1.98,Cam-98,3,Enabled,34.061691,74.886201,14 EME,50,192.168.1.254,Right,Controller
208,9,Level-3,HUB- 2,Left,93,172.16.1.98,Cam-98,3,Enabled,34.061724,74.886215,14 EME,50,192.168.1.254,Right,Controller
209,9,Level-3,HUB- 2,Left,92,172.16.1.98,Cam-98,3,Enabled,34.061748,74.886223,14 EME,50,192.168.1.254,Right,Controller
210,9,Level-3,HUB- 2,Left,91,172.16.1.98,Cam-98,3,Enabled,34.061764,74.886228,14 EME,50,192.168.1.254,Right,Controller
211,9,Level-3,HUB- 2,Left,90,172.16.1.98,Cam-98,3,Enabled,34.061787,74.886234,14 EME,50,192.168.1.254,Right,Controller
212,9,Level-3,HUB- 2,Left,89,172.16.1.98,Cam-98,3,Enabled,34.061808,74.886236,14 EME,50,192.168.1.254,Right,Controller
213,9,Level-3,HUB- 2,Left,88,172.16.1.98,Cam-98,3,Enabled,34.061826,74.886238,14 EME,50,192.168.1.254,Right,Controller
214,9,Level-3,HUB- 2,Left,87,172.16.1.98,Cam-98,3,Enabled,34.061842,74.886244,14 EME,50,192.168.1.254,Right,Controller
215,9,Level-3,HUB- 2,Left,86,172.16.1.98,Cam-98,3,Enabled,34.061865,74.886248,14 EME,50,192.168.1.254,Right,Controller
216,9,Level-3,HUB- 2,Left,85,172.16.1.98,Cam-98,2,Enabled,34.061883,74.886255,14 EME,50,192.168.1.254,Right,Controller
217,9,Level-3,HUB- 2,Left,84,172.16.1.98,Cam-98,2,Enabled,34.061899,74.88626,14 EME,50,192.168.1.254,Right,Controller
218,9,Level-3,HUB- 2,Left,83,172.16.1.98,Cam-98,2,Enabled,34.06193,74.886274,14 EME,50,192.168.1.254,Right,Controller
219,9,Level-3,HUB- 2,Left,82,172.16.1.98,Cam-98,2,Enabled,34.061943,74.886279,14 EME,50,192.168.1.254,Right,Controller
220,9,Level-3,HUB- 2,Left,81,172.16.1.98,Cam-98,1,Enabled,34.061963,74.886293,14 EME,50,192.168.1.254,Right,Controller
221,9,Level-3,HUB- 2,Left,80,172.16.1.98,Cam-98,1,Enabled,34.061989,74.886309,14 EME,50,192.168.1.254,Right,Controller
222,9,Level-3,HUB- 2,Left,79,172.16.1.98,Cam-98,1,Enabled,34.062019,74.886325,14 EME,50,192.168.1.254,Right,Controller
223,9,Level-3,HUB- 2,Left,78,172.16.1.98,Cam-98,1,Enabled,34.062039,74.886336,14 EME,50,192.168.1.254,Right,Controller
224,9,Level-3,HUB- 2,Left,77,172.16.1.98,Cam-98,1,Enabled,34.062057,74.886345,14 EME,50,192.168.1.254,Right,Controller
225,9,Level-3,HUB- 2,Left,76,172.16.1.98,Cam-98,1,Enabled,34.06207,74.886352,14 EME,50,192.168.1.254,Right,Controller
226,10,Level-3,HUB- 2,Left,75,172.16.1.98,Cam-98,1,Enabled,34.062097,74.886377,14 EME,50,192.168.1.254,Right,Controller
227,10,Level-3,HUB- 2,Left,74,172.16.1.98,Cam-98,1,Enabled,34.062122,74.886395,14 EME,50,192.168.1.254,Right,Controller
228,10,Level-3,HUB- 2,Left,73,172.16.1.98,Cam-98,1,Enabled,34.062156,74.886413,14 EME,50,192.168.1.254,Right,Controller
229,10,Level-3,HUB- 2,Left,72,172.16.1.98,Cam-98,1,Enabled,34.062177,74.886431,14 EME,50,192.168.1.254,Right,Controller
230,10,Level-3,HUB- 2,Left,71,172.16.1.98,Cam-98,1,Enabled,34.062199,74.886446,14 EME,50,192.168.1.254,Right,Controller
231,10,Level-3,HUB- 2,Left,70,172.16.1.98,Cam-98,1,Enabled,34.062223,74.886456,14 EME,50,192.168.1.254,Right,Controller
232,10,Level-3,HUB- 2,Left,69,172.16.1.98,Cam-98,1,Enabled,34.062243,74.886471,14 EME,50,192.168.1.254,Right,Controller
233,10,Level-3,HUB- 2,Left,68,172.16.1.98,Cam-98,1,Enabled,34.062262,74.886484,14 EME,50,192.168.1.254,Right,Controller
234,10,Level-3,HUB- 2,Left,67,172.16.1.98,Cam-98,1,Enabled,34.062287,74.886495,14 EME,50,192.168.1.254,Right,Controller
235,10,Level-3,HUB- 2,Left,66,172.16.1.98,Cam-98,1,Enabled,34.06231,74.886509,14 EME,50,192.168.1.254,Right,Controller
236,10,Level-3,HUB- 2,Left,65,172.16.1.98,Cam-98,1,Enabled,34.062333,74.886522,14 EME,50,192.168.1.254,Right,Controller
237,10,Level-3,HUB- 2,Left,64,172.16.1.98,Cam-98,1,Enabled,34.06236,74.886537,14 EME,50,192.168.1.254,Right,Controller
238,10,Level-3,HUB- 2,Left,63,172.16.1.98,Cam-98,1,Enabled,34.062391,74.886551,14 EME,50,192.168.1.254,Right,Controller
239,10,Level-3,HUB- 2,Left,62,172.16.1.98,Cam-98,1,Enabled,34.062418,74.886565,14 EME,50,192.168.1.254,Right,Controller
240,10,Level-3,HUB- 2,Left,61,172.16.1.98,Cam-98,1,Enabled,34.062448,74.886582,14 EME,50,192.168.1.254,Right,Controller
241,10,Level-3,HUB- 2,Left,60,172.16.1.98,Cam-98,1,Enabled,34.06247,74.886594,14 EME,50,192.168.1.254,Right,Controller
242,10,Level-3,HUB- 2,Left,59,172.16.1.98,Cam-98,1,Enabled,34.062491,74.886605,14 EME,50,192.168.1.254,Right,Controller
243,10,Level-3,HUB- 2,Left,58,172.16.1.98,Cam-98,1,Enabled,34.062509,74.886613,14 EME,50,192.168.1.254,Right,Controller
244,10,Level-3,HUB- 2,Left,57,172.16.1.98,Cam-98,1,Enabled,34.062533,74.886625,14 EME,50,192.168.1.254,Right,Controller
245,10,Level-3,HUB- 2,Left,56,172.16.1.98,Cam-98,1,Enabled,34.062546,74.886637,14 EME,50,192.168.1.254,Right,Controller
246,10,Level-3,HUB- 2,Left,55,172.16.1.98,Cam-98,1,Enabled,34.062569,74.886645,14 EME,50,192.168.1.254,Right,Controller
247,10,Level-3,HUB- 2,Left,54,172.16.1.98,Cam-98,1,Enabled,34.062591,74.886663,14 EME,50,192.168.1.254,Right,Controller
248,10,Level-3,HUB- 2,Left,53,172.16.1.98,Cam-98,1,Enabled,34.062616,74.886672,14 EME,50,192.168.1.254,Right,Controller
249,10,Level-3,HUB- 2,Left,52,172.16.1.98,Cam-98,1,Enabled,34.062634,74.886676,14 EME,50,192.168.1.254,Right,Controller
250,10,Level-3,HUB- 2,Left,51,172.16.1.98,Cam-98,1,Enabled,34.062651,74.886688,14 EME,50,192.168.1.254,Right,Controller
251,11,Level-3,HUB- 2,Left,50,172.16.1.98,Cam-98,1,Enabled,34.062694,74.886703,14 EME,50,192.168.1.254,Right,Controller
252,11,Level-3,HUB- 2,Left,49,172.16.1.98,Cam-98,1,Enabled,34.062717,74.886714,14 EME,50,192.168.1.254,Right,Controller
253,11,Level-3,HUB- 2,Left,48,172.16.1.98,Cam-98,1,Enabled,34.062744,74.886723,14 EME,50,192.168.1.254,Right,Controller
254,11,Level-3,HUB- 2,Left,47,172.16.1.98,Cam-98,1,Enabled,34.062767,74.886733,14 EME,50,192.168.1.254,Right,Controller
255,11,Level-3,HUB- 2,Left,46,172.16.1.93,Cam-93,4,Enabled,34.062802,74.886739,14 EME,50,192.168.1.254,Right,Controller
256,11,Level-3,HUB- 2,Left,45,172.16.1.93,Cam-93,4,Enabled,34.062828,74.886743,14 EME,50,192.168.1.254,Right,Controller
257,11,Level-3,HUB- 2,Left,44,172.16.1.93,Cam-93,4,Enabled,34.062844,74.886758,14 EME,50,192.168.1.254,Right,Controller
258,11,Level-3,HUB- 2,Left,43,172.16.1.93,Cam-93,4,Enabled,34.062865,74.886765,14 EME,50,192.168.1.254,Right,Controller
259,11,Level-3,HUB- 2,Left,42,172.16.1.93,Cam-93,4,Enabled,34.062894,74.886778,14 EME,50,192.168.1.254,Right,Controller
260,11,Level-3,HUB- 2,Left,41,172.16.1.93,Cam-93,4,Enabled,34.062926,74.886785,14 EME,50,192.168.1.254,Right,Controller
261,11,Level-3,HUB- 2,Left,40,172.16.1.93,Cam-93,4,Enabled,34.062953,74.886789,14 EME,50,192.168.1.254,Right,Controller
262,11,Level-3,HUB- 2,Left,39,172.16.1.93,Cam-93,4,Enabled,34.062984,74.886798,14 EME,50,192.168.1.254,Right,Controller
263,11,Level-3,HUB- 2,Left,38,172.16.1.93,Cam-93,4,Enabled,34.063008,74.886814,14 EME,50,192.168.1.254,Right,Controller
264,11,Level-3,HUB- 2,Left,37,172.16.1.93,Cam-93,4,Enabled,34.063041,74.886826,14 EME,50,192.168.1.254,Right,Controller
265,11,Level-3,HUB- 2,Left,36,172.16.1.93,Cam-93,4,Enabled,34.063069,74.886843,14 EME,50,192.168.1.254,Right,Controller
266,11,Level-3,HUB- 2,Left,35,172.16.1.93,Cam-93,4,Enabled,34.063099,74.886859,14 EME,50,192.168.1.254,Right,Controller
267,11,Level-3,HUB- 2,Left,34,172.16.1.93,Cam-93,4,Enabled,34.063126,74.886871,14 EME,50,192.168.1.254,Right,Controller
268,11,Level-3,HUB- 2,Left,33,172.16.1.93,Cam-93,4,Enabled,34.063148,74.886879,14 EME,50,192.168.1.254,Right,Controller
269,11,Level-3,HUB- 2,Left,32,172.16.1.93,Cam-93,4,Enabled,34.063158,74.886889,14 EME,50,192.168.1.254,Right,Controller
270,11,Level-3,HUB- 2,Left,31,172.16.1.93,Cam-93,4,Enabled,34.063172,74.886896,14 EME,50,192.168.1.254,Right,Controller
271,11,Level-3,HUB- 2,Left,30,172.16.1.93,Cam-93,4,Enabled,34.063194,74.886908,14 EME,50,192.168.1.254,Right,Controller
272,11,Level-3,HUB- 2,Left,29,172.16.1.93,Cam-93,4,Enabled,34.063206,74.886915,14 EME,50,192.168.1.254,Right,Controller
273,11,Level-3,HUB- 2,Left,28,172.16.1.93,Cam-93,4,Enabled,34.063219,74.88692,14 EME,50,192.168.1.254,Right,Controller
274,11,Level-3,HUB- 2,Left,27,172.16.1.93,Cam-93,4,Enabled,34.063234,74.886924,14 EME,50,192.168.1.254,Right,Controller
275,11,Level-3,HUB- 2,Left,26,172.16.1.93,Cam-93,3,Enabled,34.06325,74.886936,14 EME,50,192.168.1.254,Right,Controller
276,12,Level-3,HUB- 2,Left,25,172.16.1.93,Cam-93,3,Enabled,34.063293,74.886962,14 EME,50,192.168.1.254,Right,Controller
277,12,Level-3,HUB- 2,Left,24,172.16.1.93,Cam-93,3,Enabled,34.063323,74.886978,14 EME,50,192.168.1.254,Right,Controller
278,12,Level-3,HUB- 2,Left,23,172.16.1.93,Cam-93,3,Enabled,34.063339,74.886985,14 EME,50,192.168.1.254,Right,Controller
279,12,Level-3,HUB- 2,Left,22,172.16.1.93,Cam-93,3,Enabled,34.063358,74.886993,14 EME,50,192.168.1.254,Right,Controller
280,12,Level-3,HUB- 2,Left,21,172.16.1.93,Cam-93,3,Enabled,34.06338,74.887001,14 EME,50,192.168.1.254,Right,Controller
281,12,Level-3,HUB- 2,Left,20,172.16.1.93,Cam-93,3,Enabled,34.063407,74.887014,14 EME,50,192.168.1.254,Right,Controller
282,12,Level-3,HUB- 2,Left,19,172.16.1.93,Cam-93,3,Enabled,34.063438,74.887032,14 EME,50,192.168.1.254,Right,Controller
283,12,Level-3,HUB- 2,Left,18,172.16.1.93,Cam-93,3,Enabled,34.063468,74.887044,14 EME,50,192.168.1.254,Right,Controller
284,12,Level-3,HUB- 2,Left,17,172.16.1.93,Cam-93,3,Enabled,34.063506,74.887053,14 EME,50,192.168.1.254,Right,Controller
285,12,Level-3,HUB- 2,Left,16,172.16.1.93,Cam-93,2,Enabled,34.063522,74.887064,14 EME,50,192.168.1.254,Right,Controller
286,12,Level-3,HUB- 2,Left,15,172.16.1.93,Cam-93,2,Enabled,34.063549,74.887073,14 EME,50,192.168.1.254,Right,Controller
287,12,Level-3,HUB- 2,Left,14,172.16.1.93,Cam-93,2,Enabled,34.063568,74.887081,14 EME,50,192.168.1.254,Right,Controller
288,12,Level-3,HUB- 2,Left,13,172.16.1.93,Cam-93,2,Enabled,34.063589,74.887088,14 EME,50,192.168.1.254,Right,Controller
289,12,Level-3,HUB- 2,Left,12,172.16.1.93,Cam-93,2,Enabled,34.063614,74.887103,14 EME,50,192.168.1.254,Right,Controller
290,12,Level-3,HUB- 2,Left,11,172.16.1.93,Cam-93,2,Enabled,34.063631,74.887111,14 EME,50,192.168.1.254,Right,Controller
291,12,Level-3,HUB- 2,Left,10,172.16.1.93,Cam-93,2,Enabled,34.063651,74.88712,14 EME,50,192.168.1.254,Right,Controller
292,12,Level-3,HUB- 2,Left,9,172.16.1.93,Cam-93,2,Enabled,34.063677,74.887128,14 EME,50,192.168.1.254,Right,Controller
293,12,Level-3,HUB- 2,Left,8,172.16.1.93,Cam-93,2,Enabled,34.063699,74.88713,14 EME,50,192.168.1.254,Right,Controller
294,12,Level-3,HUB- 2,Left,7,172.16.1.93,Cam-93,2,Enabled,34.063717,74.887134,14 EME,50,192.168.1.254,Right,Controller
295,12,Level-3,HUB- 2,Left,6,172.16.1.93,Cam-93,1,Enabled,34.063749,74.887138,14 EME,50,192.168.1.254,Right,Controller
296,12,Level-3,HUB- 2,Left,5,172.16.1.93,Cam-93,1,Enabled,34.063775,74.887146,14 EME,50,192.168.1.254,Right,Controller
297,12,Level-3,HUB- 2,Left,4,172.16.1.93,Cam-93,1,Enabled,34.06381,74.887146,14 EME,50,192.168.1.254,Right,Controller
298,12,Level-3,HUB- 2,Left,3,172.16.1.93,Cam-93,1,Enabled,34.063839,74.887151,14 EME,50,192.168.1.254,Right,Controller
299,12,Level-3,HUB- 2,Left,2,172.16.1.93,Cam-93,1,Enabled,34.063864,74.887156,14 EME,50,192.168.1.254,Right,Controller
300,12,Level-3,HUB- 2,Left,1,172.16.1.93,Cam-93,1,Enabled,34.063891,74.887158,14 EME,50,192.168.1.254,Right,Controller
301,13,Level-3,HUB- 2,Right,1,172.16.1.118,Cam-118,4,Enabled,34.05492,74.883741,14 EME,50,192.168.1.254,Right,Controller
302,13,Level-3,HUB- 2,Right,2,172.16.1.118,Cam-118,4,Enabled,34.054913,74.883725,14 EME,50,192.168.1.254,Right,Controller
303,13,Level-3,HUB- 2,Right,3,172.16.1.118,Cam-118,4,Enabled,34.054907,74.88371,14 EME,50,192.168.1.254,Right,Controller
304,13,Level-3,HUB- 2,Right,4,172.16.1.118,Cam-118,4,Enabled,34.0549,74.883694,14 EME,50,192.168.1.254,Right,Controller
305,13,Level-3,HUB- 2,Right,5,172.16.1.118,Cam-118,4,Enabled,34.054889,74.883676,14 EME,50,192.168.1.254,Right,Controller
306,13,Level-3,HUB- 2,Right,6,172.16.1.118,Cam-118,5,Enabled,34.054879,74.883659,14 EME,50,192.168.1.254,Right,Controller
307,13,Level-3,HUB- 2,Right,7,172.16.1.118,Cam-118,5,Enabled,34.054867,74.883641,14 EME,50,192.168.1.254,Right,Controller
308,13,Level-3,HUB- 2,Right,8,172.16.1.118,Cam-118,5,Enabled,34.054849,74.883614,14 EME,50,192.168.1.254,Right,Controller
309,13,Level-3,HUB- 2,Right,9,172.16.1.118,Cam-118,5,Enabled,34.054832,74.883586,14 EME,50,192.168.1.254,Right,Controller
310,13,Level-3,HUB- 2,Right,10,172.16.1.118,Cam-118,5,Enabled,34.054811,74.883559,14 EME,50,192.168.1.254,Right,Controller
311,13,Level-3,HUB- 2,Right,11,172.16.1.118,Cam-118,5,Enabled,34.054789,74.883533,14 EME,50,192.168.1.254,Right,Controller
312,13,Level-3,HUB- 2,Right,12,172.16.1.118,Cam-118,5,Enabled,34.05476,74.883507,14 EME,50,192.168.1.254,Right,Controller
313,13,Level-3,HUB- 2,Right,13,172.16.1.118,Cam-118,5,Enabled,34.054733,74.883483,14 EME,50,192.168.1.254,Right,Controller
314,13,Level-3,HUB- 2,Right,14,172.16.1.123,Cam-123,1,Enabled,34.054699,74.883463,14 EME,50,192.168.1.254,Right,Controller
315,13,Level-3,HUB- 2,Right,15,172.16.1.123,Cam-123,1,Enabled,34.054669,74.883443,14 EME,50,192.168.1.254,Right,Controller
316,13,Level-3,HUB- 2,Right,16,172.16.1.123,Cam-123,1,Enabled,34.054648,74.883419,14 EME,50,192.168.1.254,Right,Controller
317,13,Level-3,HUB- 2,Right,17,172.16.1.123,Cam-123,1,Enabled,34.05463,74.883397,14 EME,50,192.168.1.254,Right,Controller
318,13,Level-3,HUB- 2,Right,18,172.16.1.123,Cam-123,1,Enabled,34.054615,74.883376,14 EME,50,192.168.1.254,Right,Controller
319,13,Level-3,HUB- 2,Right,19,172.16.1.123,Cam-123,1,Enabled,34.054604,74.883344,14 EME,50,192.168.1.254,Right,Controller
320,13,Level-3,HUB- 2,Right,20,172.16.1.123,Cam-123,1,Enabled,34.054599,74.883303,14 EME,50,192.168.1.254,Right,Controller
321,13,Level-3,HUB- 2,Right,21,172.16.1.123,Cam-123,1,Enabled,34.05459,74.883263,14 EME,50,192.168.1.254,Right,Controller
322,13,Level-3,HUB- 2,Right,22,172.16.1.123,Cam-123,1,Enabled,34.054579,74.883222,14 EME,50,192.168.1.254,Right,Controller
323,13,Level-3,HUB- 2,Right,23,172.16.1.123,Cam-123,1,Enabled,34.054564,74.883183,14 EME,50,192.168.1.254,Right,Controller
324,13,Level-3,HUB- 2,Right,24,172.16.1.123,Cam-123,1,Enabled,34.054545,74.88315,14 EME,50,192.168.1.254,Right,Controller
325,13,Level-3,HUB- 2,Right,25,172.16.1.123,Cam-123,1,Enabled,34.05453,74.883124,14 EME,50,192.168.1.254,Right,Controller
326,14,Level-3,HUB- 2,Right,26,172.16.1.123,Cam-123,2,Enabled,34.054515,74.883098,14 EME,50,192.168.1.254,Right,Controller
327,14,Level-3,HUB- 2,Right,27,172.16.1.123,Cam-123,2,Enabled,34.054508,74.883073,14 EME,50,192.168.1.254,Right,Controller
328,14,Level-3,HUB- 2,Right,28,172.16.1.123,Cam-123,2,Enabled,34.054502,74.883046,14 EME,50,192.168.1.254,Right,Controller
329,14,Level-3,HUB- 2,Right,29,172.16.1.123,Cam-123,2,Enabled,34.054498,74.883024,14 EME,50,192.168.1.254,Right,Controller
330,14,Level-3,HUB- 2,Right,30,172.16.1.123,Cam-123,2,Enabled,34.054494,74.882999,14 EME,50,192.168.1.254,Right,Controller
331,14,Level-3,HUB- 2,Right,31,172.16.1.123,Cam-123,2,Enabled,34.054487,74.882969,14 EME,50,192.168.1.254,Right,Controller
332,14,Level-3,HUB- 2,Right,32,172.16.1.123,Cam-123,2,Enabled,34.054478,74.88294,14 EME,50,192.168.1.254,Right,Controller
333,14,Level-3,HUB- 2,Right,33,172.16.1.123,Cam-123,2,Enabled,34.05447,74.882908,14 EME,50,192.168.1.254,Right,Controller
334,14,Level-3,HUB- 2,Right,34,172.16.1.123,Cam-123,2,Enabled,34.05447,74.882892,14 EME,50,192.168.1.254,Right,Controller
335,14,Level-3,HUB- 2,Right,35,172.16.1.123,Cam-123,2,Enabled,34.054462,74.882869,14 EME,50,192.168.1.254,Right,Controller
336,14,Level-3,HUB- 2,Right,36,172.16.1.123,Cam-123,2,Enabled,34.054451,74.882835,14 EME,50,192.168.1.254,Right,Controller
337,14,Level-3,HUB- 2,Right,37,172.16.1.123,Cam-123,2,Enabled,34.054448,74.882798,14 EME,50,192.168.1.254,Right,Controller
338,14,Level-3,HUB- 2,Right,38,172.16.1.123,Cam-123,2,Enabled,34.054442,74.882758,14 EME,50,192.168.1.254,Right,Controller
339,14,Level-3,HUB- 2,Right,39,172.16.1.123,Cam-123,2,Enabled,34.054438,74.882716,14 EME,50,192.168.1.254,Right,Controller
340,14,Level-3,HUB- 2,Right,40,172.16.1.123,Cam-123,2,Enabled,34.054431,74.882681,14 EME,50,192.168.1.254,Right,Controller
341,14,Level-3,HUB- 2,Right,41,172.16.1.123,Cam-123,2,Enabled,34.054428,74.882646,14 EME,50,192.168.1.254,Right,Controller
342,14,Level-3,HUB- 2,Right,42,172.16.1.123,Cam-123,2,Enabled,34.054424,74.882614,14 EME,50,192.168.1.254,Right,Controller
343,14,Level-3,HUB- 2,Right,43,172.16.1.123,Cam-123,2,Enabled,34.054423,74.88258,14 EME,50,192.168.1.254,Right,Controller
344,14,Level-3,HUB- 2,Right,44,172.16.1.123,Cam-123,2,Enabled,34.054422,74.88255,14 EME,50,192.168.1.254,Right,Controller
345,14,Level-3,HUB- 2,Right,45,172.16.1.123,Cam-123,2,Enabled,34.054422,74.882516,14 EME,50,192.168.1.254,Right,Controller
346,14,Level-3,HUB- 2,Right,46,172.16.1.123,Cam-123,2,Enabled,34.054424,74.882477,14 EME,50,192.168.1.254,Right,Controller
347,14,Level-3,HUB- 2,Right,47,172.16.1.123,Cam-123,3,Enabled,34.054432,74.882441,14 EME,50,192.168.1.254,Right,Controller
348,14,Level-3,HUB- 2,Right,48,172.16.1.123,Cam-123,3,Enabled,34.054444,74.882407,14 EME,50,192.168.1.254,Right,Controller
349,14,Level-3,HUB- 2,Right,49,172.16.1.123,Cam-123,3,Enabled,34.054451,74.882381,14 EME,50,192.168.1.254,Right,Controller
350,14,Level-3,HUB- 2,Right,50,172.16.1.123,Cam-123,3,Enabled,34.054464,74.882355,14 EME,50,192.168.1.254,Right,Controller
351,15,Level-3,HUB- 2,Right,51,172.16.1.123,Cam-123,4,Enabled,34.054479,74.882338,14 EME,50,192.168.1.254,Right,Controller
352,15,Level-3,HUB- 2,Right,52,172.16.1.123,Cam-123,4,Enabled,34.054493,74.882311,14 EME,50,192.168.1.254,Right,Controller
353,15,Level-3,HUB- 2,Right,53,172.16.1.123,Cam-123,4,Enabled,34.05451,74.882281,14 EME,50,192.168.1.254,Right,Controller
354,15,Level-3,HUB- 2,Right,54,172.16.1.123,Cam-123,4,Enabled,34.054524,74.882253,14 EME,50,192.168.1.254,Right,Controller
355,15,Level-3,HUB- 2,Right,55,172.16.1.123,Cam-123,4,Enabled,34.054535,74.882222,14 EME,50,192.168.1.254,Right,Controller
356,15,Level-3,HUB- 2,Right,56,172.16.1.123,Cam-123,4,Enabled,34.054549,74.882194,14 EME,50,192.168.1.254,Right,Controller
357,15,Level-3,HUB- 2,Right,57,172.16.1.126,Cam-126,1,Enabled,34.054555,74.882157,14 EME,50,192.168.1.254,Right,Controller
358,15,Level-3,HUB- 2,Right,58,172.16.1.126,Cam-126,1,Enabled,34.054553,74.882135,14 EME,50,192.168.1.254,Right,Controller
359,15,Level-3,HUB- 2,Right,59,172.16.1.126,Cam-126,1,Enabled,34.054553,74.882114,14 EME,50,192.168.1.254,Right,Controller
360,15,Level-3,HUB- 2,Right,60,172.16.1.126,Cam-126,1,Enabled,34.054545,74.882092,14 EME,50,192.168.1.254,Right,Controller
361,15,Level-3,HUB- 2,Right,61,172.16.1.126,Cam-126,1,Enabled,34.054532,74.882072,14 EME,50,192.168.1.254,Right,Controller
362,15,Level-3,HUB- 2,Right,62,172.16.1.126,Cam-126,1,Enabled,34.054523,74.882055,14 EME,50,192.168.1.254,Right,Controller
363,15,Level-3,HUB- 2,Right,63,172.16.1.126,Cam-126,1,Enabled,34.054519,74.882037,14 EME,50,192.168.1.254,Right,Controller
364,15,Level-3,HUB- 2,Right,64,172.16.1.126,Cam-126,1,Enabled,34.05451,74.88202,14 EME,50,192.168.1.254,Right,Controller
365,15,Level-3,HUB- 2,Right,65,172.16.1.126,Cam-126,1,Enabled,34.054504,74.881998,14 EME,50,192.168.1.254,Right,Controller
366,15,Level-3,HUB- 2,Right,66,172.16.1.126,Cam-126,1,Enabled,34.054498,74.88198,14 EME,50,192.168.1.254,Right,Controller
367,15,Level-3,HUB- 2,Right,67,172.16.1.126,Cam-126,1,Enabled,34.054499,74.881957,14 EME,50,192.168.1.254,Right,Controller
368,15,Level-3,HUB- 2,Right,68,172.16.1.126,Cam-126,1,Enabled,34.054512,74.881926,14 EME,50,192.168.1.254,Right,Controller
369,15,Level-3,HUB- 2,Right,69,172.16.1.126,Cam-126,1,Enabled,34.05453,74.881888,14 EME,50,192.168.1.254,Right,Controller
370,15,Level-3,HUB- 2,Right,70,172.16.1.126,Cam-126,1,Enabled,34.054552,74.881851,14 EME,50,192.168.1.254,Right,Controller
371,15,Level-3,HUB- 2,Right,71,172.16.1.126,Cam-126,1,Enabled,34.054578,74.881819,14 EME,50,192.168.1.254,Right,Controller
372,15,Level-3,HUB- 2,Right,72,172.16.1.126,Cam-126,1,Enabled,34.054602,74.881787,14 EME,50,192.168.1.254,Right,Controller
373,15,Level-3,HUB- 2,Right,73,172.16.1.126,Cam-126,1,Enabled,34.05462,74.881756,14 EME,50,192.168.1.254,Right,Controller
374,15,Level-3,HUB- 2,Right,74,172.16.1.126,Cam-126,1,Enabled,34.054638,74.881718,14 EME,50,192.168.1.254,Right,Controller
375,15,Level-3,HUB- 2,Right,75,172.16.1.126,Cam-126,1,Enabled,34.054645,74.881678,14 EME,50,192.168.1.254,Right,Controller
376,16,Level-3,HUB- 2,Right,76,172.16.1.126,Cam-126,2,Enabled,34.054662,74.881651,14 EME,50,192.168.1.254,Right,Controller
377,16,Level-3,HUB- 2,Right,77,172.16.1.126,Cam-126,2,Enabled,34.05467,74.881625,14 EME,50,192.168.1.254,Right,Controller
378,16,Level-3,HUB- 2,Right,78,172.16.1.126,Cam-126,2,Enabled,34.054677,74.881603,14 EME,50,192.168.1.254,Right,Controller
379,16,Level-3,HUB- 2,Right,79,172.16.1.126,Cam-126,2,Enabled,34.054676,74.881577,14 EME,50,192.168.1.254,Right,Controller
380,16,Level-3,HUB- 2,Right,80,172.16.1.126,Cam-126,2,Enabled,34.05468,74.88155,14 EME,50,192.168.1.254,Right,Controller
381,16,Level-3,HUB- 2,Right,81,172.16.1.126,Cam-126,3,Enabled,34.054677,74.881518,14 EME,50,192.168.1.254,Right,Controller
382,16,Level-3,HUB- 2,Right,82,172.16.1.126,Cam-126,3,Enabled,34.054666,74.881496,14 EME,50,192.168.1.254,Right,Controller
383,16,Level-3,HUB- 2,Right,83,172.16.1.126,Cam-126,3,Enabled,34.054652,74.881475,14 EME,50,192.168.1.254,Right,Controller
384,16,Level-3,HUB- 2,Right,84,172.16.1.126,Cam-126,3,Enabled,34.054634,74.881445,14 EME,50,192.168.1.254,Right,Controller
385,16,Level-3,HUB- 2,Right,85,172.16.1.126,Cam-126,3,Enabled,34.054618,74.88142,14 EME,50,192.168.1.254,Right,Controller
386,16,Level-3,HUB- 2,Right,86,172.16.1.126,Cam-126,3,Enabled,34.054601,74.881392,14 EME,50,192.168.1.254,Right,Controller
387,16,Level-3,HUB- 2,Right,87,172.16.1.126,Cam-126,3,Enabled,34.054589,74.881367,14 EME,50,192.168.1.254,Right,Controller
388,16,Level-3,HUB- 2,Right,88,172.16.1.126,Cam-126,3,Enabled,34.054573,74.881344,14 EME,50,192.168.1.254,Right,Controller
389,16,Level-3,HUB- 2,Right,89,172.16.1.126,Cam-126,3,Enabled,34.054565,74.881324,14 EME,50,192.168.1.254,Right,Controller
390,16,Level-3,HUB- 2,Right,90,172.16.1.126,Cam-126,3,Enabled,34.054543,74.881301,14 EME,50,192.168.1.254,Right,Controller
391,16,Level-3,HUB- 2,Right,91,172.16.1.126,Cam-126,3,Enabled,34.054529,74.881276,14 EME,50,192.168.1.254,Right,Controller
392,16,Level-3,HUB- 2,Right,92,172.16.1.126,Cam-126,3,Enabled,34.054513,74.881247,14 EME,50,192.168.1.254,Right,Controller
393,16,Level-3,HUB- 2,Right,93,172.16.1.126,Cam-126,3,Enabled,34.054495,74.881219,14 EME,50,192.168.1.254,Right,Controller
394,16,Level-3,HUB- 2,Right,94,172.16.1.126,Cam-126,3,Enabled,34.05448,74.881176,14 EME,50,192.168.1.254,Right,Controller
395,16,Level-3,HUB- 2,Right,95,172.16.1.126,Cam-126,3,Enabled,34.054458,74.881151,14 EME,50,192.168.1.254,Right,Controller
396,16,Level-3,HUB- 2,Right,96,172.16.1.126,Cam-126,3,Enabled,34.054441,74.88112,14 EME,50,192.168.1.254,Right,Controller
397,16,Level-3,HUB- 2,Right,97,172.16.1.126,Cam-126,3,Enabled,34.054421,74.881095,14 EME,50,192.168.1.254,Right,Controller
398,16,Level-3,HUB- 2,Right,98,172.16.1.126,Cam-126,3,Enabled,34.054402,74.881066,14 EME,50,192.168.1.254,Right,Controller
399,16,Level-3,HUB- 2,Right,99,172.16.1.126,Cam-126,3,Enabled,34.054393,74.881038,14 EME,50,192.168.1.254,Right,Controller
400,16,Level-3,HUB- 2,Right,100,172.16.1.126,Cam-126,3,Enabled,34.054377,74.881006,14 EME,50,192.168.1.254,Right,Controller
401,17,Level-5,HUB- 2,Right,101,172.16.1.118,Cam-118,4,Enabled,34.054936,74.883759,14 EME,50,192.168.1.254,Right,Controller
402,17,Level-5,HUB- 2,Right,102,172.16.1.118,Cam-118,4,Enabled,34.05496,74.883775,14 EME,50,192.168.1.254,Right,Controller
403,17,Level-5,HUB- 2,Right,103,172.16.1.118,Cam-118,4,Enabled,34.054976,74.883789,14 EME,50,192.168.1.254,Right,Controller
404,17,Level-5,HUB- 2,Right,104,172.16.1.118,Cam-118,3,Enabled,34.054999,74.883806,14 EME,50,192.168.1.254,Right,Controller
405,17,Level-5,HUB- 2,Right,105,172.16.1.118,Cam-118,3,Enabled,34.055012,74.883824,14 EME,50,192.168.1.254,Right,Controller
406,17,Level-5,HUB- 2,Right,106,172.16.1.118,Cam-118,3,Enabled,34.05503,74.88384,14 EME,50,192.168.1.254,Right,Controller
407,17,Level-5,HUB- 2,Right,107,172.16.1.118,Cam-118,3,Enabled,34.05504,74.883857,14 EME,50,192.168.1.254,Right,Controller
408,17,Level-5,HUB- 2,Right,108,172.16.1.118,Cam-118,3,Enabled,34.055056,74.883868,14 EME,50,192.168.1.254,Right,Controller
409,17,Level-5,HUB- 2,Right,109,172.16.1.118,Cam-118,3,Enabled,34.055075,74.883901,14 EME,50,192.168.1.254,Right,Controller
410,17,Level-5,HUB- 2,Right,110,172.16.1.118,Cam-118,3,Enabled,34.055101,74.88393,14 EME,50,192.168.1.254,Right,Controller
411,17,Level-5,HUB- 2,Right,111,172.16.1.118,Cam-118,3,Enabled,34.055129,74.883962,14 EME,50,192.168.1.254,Right,Controller
412,17,Level-5,HUB- 2,Right,112,172.16.1.118,Cam-118,3,Enabled,34.055163,74.883993,14 EME,50,192.168.1.254,Right,Controller
413,17,Level-5,HUB- 2,Right,113,172.16.1.118,Cam-118,3,Enabled,34.055194,74.884017,14 EME,50,192.168.1.254,Right,Controller
414,17,Level-5,HUB- 2,Right,114,172.16.1.118,Cam-118,3,Enabled,34.055227,74.884041,14 EME,50,192.168.1.254,Right,Controller
415,17,Level-5,HUB- 2,Right,115,172.16.1.118,Cam-118,3,Enabled,34.05525,74.884057,14 EME,50,192.168.1.254,Right,Controller
416,17,Level-5,HUB- 2,Right,116,172.16.1.118,Cam-118,3,Enabled,34.05528,74.884073,14 EME,50,192.168.1.254,Right,Controller
417,17,Level-5,HUB- 2,Right,117,172.16.1.118,Cam-118,3,Enabled,34.055305,74.884084,14 EME,50,192.168.1.254,Right,Controller
418,17,Level-5,HUB- 2,Right,118,172.16.1.118,Cam-118,3,Enabled,34.055331,74.8841,14 EME,50,192.168.1.254,Right,Controller
419,17,Level-5,HUB- 2,Right,119,172.16.1.118,Cam-118,3,Enabled,34.055357,74.884107,14 EME,50,192.168.1.254,Right,Controller
420,17,Level-5,HUB- 2,Right,120,172.16.1.118,Cam-118,2,Enabled,34.055382,74.884117,14 EME,50,192.168.1.254,Right,Controller
421,17,Level-5,HUB- 2,Right,121,172.16.1.118,Cam-118,2,Enabled,34.055407,74.884133,14 EME,50,192.168.1.254,Right,Controller
422,17,Level-5,HUB- 2,Right,122,172.16.1.118,Cam-118,2,Enabled,34.055427,74.884143,14 EME,50,192.168.1.254,Right,Controller
423,17,Level-5,HUB- 2,Right,123,172.16.1.118,Cam-118,2,Enabled,34.055444,74.884151,14 EME,50,192.168.1.254,Right,Controller
424,17,Level-5,HUB- 2,Right,124,172.16.1.118,Cam-118,2,Enabled,34.055464,74.884152,14 EME,50,192.168.1.254,Right,Controller
425,17,Level-5,HUB- 2,Right,125,172.16.1.118,Cam-118,2,Enabled,34.055469,74.884162,14 EME,50,192.168.1.254,Right,Controller
426,18,Level-5,HUB- 2,Right,126,172.16.1.118,Cam-118,2,Enabled,34.055507,74.884162,14 EME,50,192.168.1.254,Right,Controller
427,18,Level-5,HUB- 2,Right,127,172.16.1.118,Cam-118,2,Enabled,34.055542,74.884154,14 EME,50,192.168.1.254,Right,Controller
428,18,Level-5,HUB- 2,Right,128,172.16.1.118,Cam-118,2,Enabled,34.05557,74.884147,14 EME,50,192.168.1.254,Right,Controller
429,18,Level-5,HUB- 2,Right,129,172.16.1.118,Cam-118,2,Enabled,34.0556,74.884129,14 EME,50,192.168.1.254,Right,Controller
430,18,Level-5,HUB- 2,Right,130,172.16.1.118,Cam-118,2,Enabled,34.055631,74.884125,14 EME,50,192.168.1.254,Right,Controller
431,18,Level-5,HUB- 2,Right,131,172.16.1.118,Cam-118,2,Enabled,34.055666,74.884116,14 EME,50,192.168.1.254,Right,Controller
432,18,Level-5,HUB- 2,Right,132,172.16.1.118,Cam-118,2,Enabled,34.0557,74.884121,14 EME,50,192.168.1.254,Right,Controller
433,18,Level-5,HUB- 2,Right,133,172.16.1.118,Cam-118,2,Enabled,34.055728,74.884127,14 EME,50,192.168.1.254,Right,Controller
434,18,Level-5,HUB- 2,Right,134,172.16.1.118,Cam-118,2,Enabled,34.055752,74.884125,14 EME,50,192.168.1.254,Right,Controller
435,18,Level-5,HUB- 2,Right,135,172.16.1.118,Cam-118,1,Enabled,34.05578,74.884125,14 EME,50,192.168.1.254,Right,Controller
436,18,Level-5,HUB- 2,Right,136,172.16.1.118,Cam-118,1,Enabled,34.055804,74.884127,14 EME,50,192.168.1.254,Right,Controller
437,18,Level-5,HUB- 2,Right,137,172.16.1.118,Cam-118,1,Enabled,34.055831,74.884131,14 EME,50,192.168.1.254,Right,Controller
438,18,Level-5,HUB- 2,Right,138,172.16.1.118,Cam-118,1,Enabled,34.055857,74.884131,14 EME,50,192.168.1.254,Right,Controller
439,18,Level-5,HUB- 2,Right,139,172.16.1.118,Cam-118,1,Enabled,34.055874,74.884133,14 EME,50,192.168.1.254,Right,Controller
440,18,Level-5,HUB- 2,Right,140,172.16.1.118,Cam-118,1,Enabled,34.055899,74.884144,14 EME,50,192.168.1.254,Right,Controller
441,18,Level-5,HUB- 2,Right,141,172.16.1.118,Cam-118,1,Enabled,34.055916,74.884148,14 EME,50,192.168.1.254,Right,Controller
442,18,Level-5,HUB- 2,Right,142,172.16.1.118,Cam-118,1,Enabled,34.055931,74.884164,14 EME,50,192.168.1.254,Right,Controller
443,18,Level-5,HUB- 2,Right,143,172.16.1.118,Cam-118,1,Enabled,34.055955,74.884175,14 EME,50,192.168.1.254,Right,Controller
444,18,Level-5,HUB- 2,Right,144,172.16.1.118,Cam-118,1,Enabled,34.055981,74.884184,14 EME,50,192.168.1.254,Right,Controller
445,18,Level-5,HUB- 2,Right,145,172.16.1.118,Cam-118,1,Enabled,34.056003,74.884194,14 EME,50,192.168.1.254,Right,Controller
446,18,Level-5,HUB- 2,Right,146,172.16.1.118,Cam-118,1,Enabled,34.056022,74.884197,14 EME,50,192.168.1.254,Right,Controller
447,18,Level-5,HUB- 2,Right,147,172.16.1.117,Cam-117,1,Enabled,34.056038,74.88421,14 EME,50,192.168.1.254,Right,Controller
448,18,Level-5,HUB- 2,Right,148,172.16.1.117,Cam-117,1,Enabled,34.056057,74.884214,14 EME,50,192.168.1.254,Right,Controller
449,18,Level-5,HUB- 2,Right,149,172.16.1.117,Cam-117,1,Enabled,34.056076,74.884219,14 EME,50,192.168.1.254,Right,Controller
450,18,Level-5,HUB- 2,Right,150,172.16.1.117,Cam-117,1,Enabled,34.056093,74.884226,14 EME,50,192.168.1.254,Right,Controller
451,19,Level-3,HUB- 3,Left,150,172.16.1.117,Cam-117,1,Enabled,34.056131,74.884239,14 EME,50,192.168.1.254,Right,Controller
452,19,Level-3,HUB- 3,Left,149,172.16.1.117,Cam-117,1,Enabled,34.05616,74.884243,14 EME,50,192.168.1.254,Right,Controller
453,19,Level-3,HUB- 3,Left,148,172.16.1.117,Cam-117,1,Enabled,34.05619,74.884253,14 EME,50,192.168.1.254,Right,Controller
454,19,Level-3,HUB- 3,Left,147,172.16.1.115,Cam-115,1,Enabled,34.056218,74.884261,14 EME,50,192.168.1.254,Right,Controller
455,19,Level-3,HUB- 3,Left,146,172.16.1.115,Cam-115,1,Enabled,34.05625,74.884262,14 EME,50,192.168.1.254,Right,Controller
456,19,Level-3,HUB- 3,Left,145,172.16.1.115,Cam-115,1,Enabled,34.056277,74.884265,14 EME,50,192.168.1.254,Right,Controller
457,19,Level-3,HUB- 3,Left,144,172.16.1.115,Cam-115,1,Enabled,34.056307,74.884264,14 EME,50,192.168.1.254,Right,Controller
458,19,Level-3,HUB- 3,Left,143,172.16.1.115,Cam-115,1,Enabled,34.056334,74.884265,14 EME,50,192.168.1.254,Right,Controller
459,19,Level-3,HUB- 3,Left,142,172.16.1.115,Cam-115,1,Enabled,34.056359,74.884268,14 EME,50,192.168.1.254,Right,Controller
460,19,Level-3,HUB- 3,Left,141,172.16.1.115,Cam-115,1,Enabled,34.056387,74.88427,14 EME,50,192.168.1.254,Right,Controller
461,19,Level-3,HUB- 3,Left,140,172.16.1.115,Cam-115,1,Enabled,34.056408,74.884276,14 EME,50,192.168.1.254,Right,Controller
462,19,Level-3,HUB- 3,Left,139,172.16.1.115,Cam-115,1,Enabled,34.056436,74.88428,14 EME,50,192.168.1.254,Right,Controller
463,19,Level-3,HUB- 3,Left,138,172.16.1.115,Cam-115,1,Enabled,34.056451,74.884284,14 EME,50,192.168.1.254,Right,Controller
464,19,Level-3,HUB- 3,Left,137,172.16.1.115,Cam-115,1,Enabled,34.056478,74.884289,14 EME,50,192.168.1.254,Right,Controller
465,19,Level-3,HUB- 3,Left,136,172.16.1.115,Cam-115,1,Enabled,34.056493,74.884292,14 EME,50,192.168.1.254,Right,Controller
466,19,Level-3,HUB- 3,Left,135,172.16.1.115,Cam-115,1,Enabled,34.056522,74.884301,14 EME,50,192.168.1.254,Right,Controller
467,19,Level-3,HUB- 3,Left,134,172.16.1.115,Cam-115,1,Enabled,34.056545,74.884306,14 EME,50,192.168.1.254,Right,Controller
468,19,Level-3,HUB- 3,Left,133,172.16.1.115,Cam-115,1,Enabled,34.056575,74.884308,14 EME,50,192.168.1.254,Right,Controller
469,19,Level-3,HUB- 3,Left,132,172.16.1.115,Cam-115,1,Enabled,34.0566,74.884317,14 EME,50,192.168.1.254,Right,Controller
470,19,Level-3,HUB- 3,Left,131,172.16.1.115,Cam-115,1,Enabled,34.056624,74.884325,14 EME,50,192.168.1.254,Right,Controller
471,19,Level-3,HUB- 3,Left,130,172.16.1.115,Cam-115,1,Enabled,34.056643,74.884331,14 EME,50,192.168.1.254,Right,Controller
472,19,Level-3,HUB- 3,Left,129,172.16.1.115,Cam-115,1,Enabled,34.056668,74.884335,14 EME,50,192.168.1.254,Right,Controller
473,19,Level-3,HUB- 3,Left,128,172.16.1.115,Cam-115,1,Enabled,34.056694,74.884344,14 EME,50,192.168.1.254,Right,Controller
474,19,Level-3,HUB- 3,Left,127,172.16.1.115,Cam-115,1,Enabled,34.056711,74.884349,14 EME,50,192.168.1.254,Right,Controller
475,19,Level-3,HUB- 3,Left,126,172.16.1.115,Cam-115,1,Enabled,34.056736,74.88436,14 EME,50,192.168.1.254,Right,Controller
476,20,Level-3,HUB- 3,Left,125,172.16.1.115,Cam-115,1,Enabled,34.056758,74.884375,14 EME,50,192.168.1.254,Right,Controller
477,20,Level-3,HUB- 3,Left,124,172.16.1.115,Cam-115,1,Enabled,34.056759,74.884391,14 EME,50,192.168.1.254,Right,Controller
478,20,Level-3,HUB- 3,Left,123,172.16.1.115,Cam-115,1,Enabled,34.05676,74.884408,14 EME,50,192.168.1.254,Right,Controller
479,20,Level-3,HUB- 3,Left,122,172.16.1.115,Cam-115,1,Enabled,34.056764,74.884423,14 EME,50,192.168.1.254,Right,Controller
480,20,Level-3,HUB- 3,Left,121,172.16.1.114,Cam-114,1,Enabled,34.056778,74.884434,14 EME,50,192.168.1.254,Right,Controller
481,20,Level-3,HUB- 3,Left,120,172.16.1.114,Cam-114,1,Enabled,34.056797,74.884443,14 EME,50,192.168.1.254,Right,Controller
482,20,Level-3,HUB- 3,Left,119,172.16.1.114,Cam-114,1,Enabled,34.056819,74.884438,14 EME,50,192.168.1.254,Right,Controller
483,20,Level-3,HUB- 3,Left,118,172.16.1.114,Cam-114,1,Enabled,34.056838,74.88443,14 EME,50,192.168.1.254,Right,Controller
484,20,Level-3,HUB- 3,Left,117,172.16.1.114,Cam-114,1,Enabled,34.056853,74.884433,14 EME,50,192.168.1.254,Right,Controller
485,20,Level-3,HUB- 3,Left,116,172.16.1.114,Cam-114,1,Enabled,34.056866,74.884443,14 EME,50,192.168.1.254,Right,Controller
486,20,Level-3,HUB- 3,Left,115,172.16.1.114,Cam-114,1,Enabled,34.056873,74.884453,14 EME,50,192.168.1.254,Right,Controller
487,20,Level-3,HUB- 3,Left,114,172.16.1.113,Cam-113,3,Enabled,34.056886,74.884463,14 EME,50,192.168.1.254,Right,Controller
488,20,Level-3,HUB- 3,Left,113,172.16.1.113,Cam-113,3,Enabled,34.056898,74.884471,14 EME,50,192.168.1.254,Right,Controller
489,20,Level-3,HUB- 3,Left,112,172.16.1.113,Cam-113,3,Enabled,34.056911,74.884482,14 EME,50,192.168.1.254,Right,Controller
490,20,Level-3,HUB- 3,Left,111,172.16.1.113,Cam-113,3,Enabled,34.056927,74.884493,14 EME,50,192.168.1.254,Right,Controller
491,20,Level-3,HUB- 3,Left,110,172.16.1.113,Cam-113,3,Enabled,34.056936,74.884503,14 EME,50,192.168.1.254,Right,Controller
492,20,Level-3,HUB- 3,Left,109,172.16.1.113,Cam-113,2,Enabled,34.05694,74.884513,14 EME,50,192.168.1.254,Right,Controller
493,20,Level-3,HUB- 3,Left,108,172.16.1.113,Cam-113,2,Enabled,34.056947,74.884517,14 EME,50,192.168.1.254,Right,Controller
494,20,Level-3,HUB- 3,Left,107,172.16.1.113,Cam-113,2,Enabled,34.056964,74.884522,14 EME,50,192.168.1.254,Right,Controller
495,20,Level-3,HUB- 3,Left,106,172.16.1.113,Cam-113,2,Enabled,34.05697,74.884538,14 EME,50,192.168.1.254,Right,Controller
496,20,Level-3,HUB- 3,Left,105,172.16.1.113,Cam-113,2,Enabled,34.056984,74.884537,14 EME,50,192.168.1.254,Right,Controller
497,20,Level-3,HUB- 3,Left,104,172.16.1.113,Cam-113,2,Enabled,34.056991,74.884555,14 EME,50,192.168.1.254,Right,Controller
498,20,Level-3,HUB- 3,Left,103,172.16.1.113,Cam-113,2,Enabled,34.056999,74.884565,14 EME,50,192.168.1.254,Right,Controller
499,20,Level-3,HUB- 3,Left,102,172.16.1.113,Cam-113,2,Enabled,34.05701,74.884575,14 EME,50,192.168.1.254,Right,Controller
500,20,Level-3,HUB- 3,Left,101,172.16.1.113,Cam-113,2,Enabled,34.057024,74.884584,14 EME,50,192.168.1.254,Right,Controller
501,21,Level-3,HUB- 3,Left,100,172.16.1.139,Cam-139,1,Enabled,34.053455,74.877197,14 EME,50,192.168.1.254,Right,Controller
502,21,Level-3,HUB- 3,Left,99,172.16.1.139,Cam-139,1,Enabled,34.05345,74.877176,14 EME,50,192.168.1.254,Right,Controller
503,21,Level-3,HUB- 3,Left,98,172.16.1.139,Cam-139,1,Enabled,34.053445,74.877154,14 EME,50,192.168.1.254,Right,Controller
504,21,Level-3,HUB- 3,Left,97,172.16.1.139,Cam-139,1,Enabled,34.053439,74.877129,14 EME,50,192.168.1.254,Right,Controller
505,21,Level-3,HUB- 3,Left,96,172.16.1.139,Cam-139,1,Enabled,34.053439,74.87711,14 EME,50,192.168.1.254,Right,Controller
506,21,Level-3,HUB- 3,Left,95,172.16.1.139,Cam-139,1,Enabled,34.053435,74.877082,14 EME,50,192.168.1.254,Right,Controller
507,21,Level-3,HUB- 3,Left,94,172.16.1.139,Cam-139,1,Enabled,34.053429,74.877051,14 EME,50,192.168.1.254,Right,Controller
508,21,Level-3,HUB- 3,Left,93,172.16.1.139,Cam-139,1,Enabled,34.053426,74.877024,14 EME,50,192.168.1.254,Right,Controller
509,21,Level-3,HUB- 3,Left,92,172.16.1.139,Cam-139,1,Enabled,34.053423,74.876993,14 EME,50,192.168.1.254,Right,Controller
510,21,Level-3,HUB- 3,Left,91,172.16.1.139,Cam-139,1,Enabled,34.053417,74.876969,14 EME,50,192.168.1.254,Right,Controller
511,21,Level-3,HUB- 3,Left,90,172.16.1.139,Cam-139,1,Enabled,34.053413,74.876945,14 EME,50,192.168.1.254,Right,Controller
512,21,Level-3,HUB- 3,Left,89,172.16.1.139,Cam-139,1,Enabled,34.053412,74.876913,14 EME,50,192.168.1.254,Right,Controller
513,21,Level-3,HUB- 3,Left,88,172.16.1.139,Cam-139,1,Enabled,34.053404,74.876877,14 EME,50,192.168.1.254,Right,Controller
514,21,Level-3,HUB- 3,Left,87,172.16.1.139,Cam-139,1,Enabled,34.053394,74.876838,14 EME,50,192.168.1.254,Right,Controller
515,21,Level-3,HUB- 3,Left,86,172.16.1.139,Cam-139,1,Enabled,34.053385,74.876799,14 EME,50,192.168.1.254,Right,Controller
516,21,Level-3,HUB- 3,Left,85,172.16.1.139,Cam-139,1,Enabled,34.053373,74.87676,14 EME,50,192.168.1.254,Right,Controller
517,21,Level-3,HUB- 3,Left,84,172.16.1.139,Cam-139,1,Enabled,34.053363,74.876729,14 EME,50,192.168.1.254,Right,Controller
518,21,Level-3,HUB- 3,Left,83,172.16.1.139,Cam-139,1,Enabled,34.053354,74.876697,14 EME,50,192.168.1.254,Right,Controller
519,21,Level-3,HUB- 3,Left,82,172.16.1.139,Cam-139,1,Enabled,34.053342,74.876661,14 EME,50,192.168.1.254,Right,Controller
520,21,Level-3,HUB- 3,Left,81,172.16.1.139,Cam-139,1,Enabled,34.053329,74.876623,14 EME,50,192.168.1.254,Right,Controller
521,21,Level-3,HUB- 3,Left,80,172.16.1.139,Cam-139,1,Enabled,34.053321,74.876588,14 EME,50,192.168.1.254,Right,Controller
522,21,Level-3,HUB- 3,Left,79,172.16.1.139,Cam-139,1,Enabled,34.053309,74.876556,14 EME,50,192.168.1.254,Right,Controller
523,21,Level-3,HUB- 3,Left,78,172.16.1.139,Cam-139,1,Enabled,34.053302,74.876525,14 EME,50,192.168.1.254,Right,Controller
524,21,Level-3,HUB- 3,Left,77,172.16.1.139,Cam-139,1,Enabled,34.053289,74.876495,14 EME,50,192.168.1.254,Right,Controller
525,21,Level-3,HUB- 3,Left,76,172.16.1.139,Cam-139,1,Enabled,34.053281,74.876462,14 EME,50,192.168.1.254,Right,Controller
526,22,Level-3,HUB- 3,Left,75,172.16.1.139,Cam-139,1,Enabled,34.053267,74.876415,14 EME,50,192.168.1.254,Right,Controller
527,22,Level-3,HUB- 3,Left,74,172.16.1.139,Cam-139,1,Enabled,34.053263,74.876383,14 EME,50,192.168.1.254,Right,Controller
528,22,Level-3,HUB- 3,Left,73,172.16.1.139,Cam-139,1,Enabled,34.053258,74.876351,14 EME,50,192.168.1.254,Right,Controller
529,22,Level-3,HUB- 3,Left,72,172.16.1.139,Cam-139,1,Enabled,34.053256,74.876323,14 EME,50,192.168.1.254,Right,Controller
530,22,Level-3,HUB- 3,Left,71,172.16.1.139,Cam-139,1,Enabled,34.053249,74.876292,14 EME,50,192.168.1.254,Right,Controller
531,22,Level-3,HUB- 3,Left,70,172.16.1.139,Cam-139,1,Enabled,34.053247,74.876265,14 EME,50,192.168.1.254,Right,Controller
532,22,Level-3,HUB- 3,Left,69,172.16.1.139,Cam-139,1,Enabled,34.053244,74.876237,14 EME,50,192.168.1.254,Right,Controller
533,22,Level-3,HUB- 3,Left,68,172.16.1.139,Cam-139,1,Enabled,34.053239,74.876208,14 EME,50,192.168.1.254,Right,Controller
534,22,Level-3,HUB- 3,Left,67,172.16.1.139,Cam-139,1,Enabled,34.053235,74.876177,14 EME,50,192.168.1.254,Right,Controller
535,22,Level-3,HUB- 3,Left,66,172.16.1.139,Cam-139,1,Enabled,34.053234,74.876153,14 EME,50,192.168.1.254,Right,Controller
536,22,Level-3,HUB- 3,Left,65,172.16.1.139,Cam-139,1,Enabled,34.053228,74.876126,14 EME,50,192.168.1.254,Right,Controller
537,22,Level-3,HUB- 3,Left,64,172.16.1.139,Cam-139,1,Enabled,34.053225,74.876103,14 EME,50,192.168.1.254,Right,Controller
538,22,Level-3,HUB- 3,Left,63,172.16.1.139,Cam-139,1,Enabled,34.053222,74.876073,14 EME,50,192.168.1.254,Right,Controller
539,22,Level-3,HUB- 3,Left,62,172.16.1.139,Cam-139,1,Enabled,34.053219,74.876048,14 EME,50,192.168.1.254,Right,Controller
540,22,Level-3,HUB- 3,Left,61,172.16.1.139,Cam-139,1,Enabled,34.053218,74.876018,14 EME,50,192.168.1.254,Right,Controller
541,22,Level-3,HUB- 3,Left,60,172.16.1.139,Cam-139,1,Enabled,34.053221,74.87599,14 EME,50,192.168.1.254,Right,Controller
542,22,Level-3,HUB- 3,Left,59,172.16.1.139,Cam-139,1,Enabled,34.05322,74.875957,14 EME,50,192.168.1.254,Right,Controller
543,22,Level-3,HUB- 3,Left,58,172.16.1.139,Cam-139,1,Enabled,34.053223,74.875925,14 EME,50,192.168.1.254,Right,Controller
544,22,Level-3,HUB- 3,Left,57,172.16.1.139,Cam-139,1,Enabled,34.05322,74.875892,14 EME,50,192.168.1.254,Right,Controller
545,22,Level-3,HUB- 3,Left,56,172.16.1.139,Cam-139,1,Enabled,34.053225,74.875858,14 EME,50,192.168.1.254,Right,Controller
546,22,Level-3,HUB- 3,Left,55,172.16.1.139,Cam-139,1,Enabled,34.053231,74.875823,14 EME,50,192.168.1.254,Right,Controller
547,22,Level-3,HUB- 3,Left,54,172.16.1.139,Cam-139,1,Enabled,34.053236,74.87579,14 EME,50,192.168.1.254,Right,Controller
548,22,Level-3,HUB- 3,Left,53,172.16.1.139,Cam-139,1,Enabled,34.053237,74.87575,14 EME,50,192.168.1.254,Right,Controller
549,22,Level-3,HUB- 3,Left,52,172.16.1.139,Cam-139,1,Enabled,34.053239,74.875714,14 EME,50,192.168.1.254,Right,Controller
550,22,Level-3,HUB- 3,Left,51,172.16.1.139,Cam-139,1,Enabled,34.053239,74.875676,14 EME,50,192.168.1.254,Right,Controller
551,23,Level-3,HUB- 3,Left,50,172.16.1.149,Cam-149,1,Enabled,34.053241,74.875634,14 EME,50,192.168.1.254,Right,Controller
552,23,Level-3,HUB- 3,Left,49,172.16.1.149,Cam-149,1,Enabled,34.053259,74.875589,14 EME,50,192.168.1.254,Right,Controller
553,23,Level-3,HUB- 3,Left,48,172.16.1.149,Cam-149,1,Enabled,34.05327,74.875569,14 EME,50,192.168.1.254,Right,Controller
554,23,Level-3,HUB- 3,Left,47,172.16.1.149,Cam-149,1,Enabled,34.05328,74.875552,14 EME,50,192.168.1.254,Right,Controller
555,23,Level-3,HUB- 3,Left,46,172.16.1.149,Cam-149,1,Enabled,34.053295,74.875536,14 EME,50,192.168.1.254,Right,Controller
556,23,Level-3,HUB- 3,Left,45,172.16.1.149,Cam-149,1,Enabled,34.053306,74.875517,14 EME,50,192.168.1.254,Right,Controller
557,23,Level-3,HUB- 3,Left,44,172.16.1.149,Cam-149,1,Enabled,34.053317,74.875498,14 EME,50,192.168.1.254,Right,Controller
558,23,Level-3,HUB- 3,Left,43,172.16.1.149,Cam-149,1,Enabled,34.053331,74.875481,14 EME,50,192.168.1.254,Right,Controller
559,23,Level-3,HUB- 3,Left,42,172.16.1.149,Cam-149,1,Enabled,34.053345,74.875457,14 EME,50,192.168.1.254,Right,Controller
560,23,Level-3,HUB- 3,Left,41,172.16.1.149,Cam-149,1,Enabled,34.053364,74.875432,14 EME,50,192.168.1.254,Right,Controller
561,23,Level-3,HUB- 3,Left,40,172.16.1.149,Cam-149,1,Enabled,34.053375,74.875406,14 EME,50,192.168.1.254,Right,Controller
562,23,Level-3,HUB- 3,Left,39,172.16.1.149,Cam-149,1,Enabled,34.053391,74.875375,14 EME,50,192.168.1.254,Right,Controller
563,23,Level-3,HUB- 3,Left,38,172.16.1.149,Cam-149,1,Enabled,34.053401,74.875352,14 EME,50,192.168.1.254,Right,Controller
564,23,Level-3,HUB- 3,Left,37,172.16.1.149,Cam-149,1,Enabled,34.053408,74.875326,14 EME,50,192.168.1.254,Right,Controller
565,23,Level-3,HUB- 3,Left,36,172.16.1.149,Cam-149,1,Enabled,34.053416,74.875302,14 EME,50,192.168.1.254,Right,Controller
566,23,Level-3,HUB- 3,Left,35,172.16.1.149,Cam-149,1,Enabled,34.053429,74.87527,14 EME,50,192.168.1.254,Right,Controller
567,23,Level-3,HUB- 3,Left,34,172.16.1.149,Cam-149,1,Enabled,34.053441,74.875239,14 EME,50,192.168.1.254,Right,Controller
568,23,Level-3,HUB- 3,Left,33,172.16.1.149,Cam-149,1,Enabled,34.053445,74.8752,14 EME,50,192.168.1.254,Right,Controller
569,23,Level-3,HUB- 3,Left,32,172.16.1.149,Cam-149,1,Enabled,34.053452,74.875161,14 EME,50,192.168.1.254,Right,Controller
570,23,Level-3,HUB- 3,Left,31,172.16.1.149,Cam-149,1,Enabled,34.053454,74.875117,14 EME,50,192.168.1.254,Right,Controller
571,23,Level-3,HUB- 3,Left,30,172.16.1.149,Cam-149,1,Enabled,34.053455,74.875077,14 EME,50,192.168.1.254,Right,Controller
572,23,Level-3,HUB- 3,Left,29,172.16.1.149,Cam-149,1,Enabled,34.053457,74.875038,14 EME,50,192.168.1.254,Right,Controller
573,23,Level-3,HUB- 3,Left,28,172.16.1.149,Cam-149,1,Enabled,34.053458,74.874997,14 EME,50,192.168.1.254,Right,Controller
574,23,Level-3,HUB- 3,Left,27,172.16.1.149,Cam-149,1,Enabled,34.053459,74.874954,14 EME,50,192.168.1.254,Right,Controller
575,23,Level-3,HUB- 3,Left,26,172.16.1.149,Cam-149,1,Enabled,34.053459,74.874911,14 EME,50,192.168.1.254,Right,Controller
576,24,Level-3,HUB- 3,Left,25,172.16.1.154,Cam-154,1,Enabled,34.053462,74.87487,14 EME,50,192.168.1.254,Right,Controller
577,24,Level-3,HUB- 3,Left,24,172.16.1.154,Cam-154,1,Enabled,34.053462,74.874826,14 EME,50,192.168.1.254,Right,Controller
578,24,Level-3,HUB- 3,Left,23,172.16.1.154,Cam-154,1,Enabled,34.053459,74.874787,14 EME,50,192.168.1.254,Right,Controller
579,24,Level-3,HUB- 3,Left,22,172.16.1.154,Cam-154,1,Enabled,34.053459,74.874751,14 EME,50,192.168.1.254,Right,Controller
580,24,Level-3,HUB- 3,Left,21,172.16.1.154,Cam-154,1,Enabled,34.053457,74.874712,14 EME,50,192.168.1.254,Right,Controller
581,24,Level-3,HUB- 3,Left,20,172.16.1.154,Cam-154,1,Enabled,34.053455,74.874669,14 EME,50,192.168.1.254,Right,Controller
582,24,Level-3,HUB- 3,Left,19,172.16.1.154,Cam-154,1,Enabled,34.053452,74.87463,14 EME,50,192.168.1.254,Right,Controller
583,24,Level-3,HUB- 3,Left,18,172.16.1.154,Cam-154,1,Enabled,34.053448,74.87459,14 EME,50,192.168.1.254,Right,Controller
584,24,Level-3,HUB- 3,Left,17,172.16.1.154,Cam-154,1,Enabled,34.053446,74.874551,14 EME,50,192.168.1.254,Right,Controller
585,24,Level-3,HUB- 3,Left,16,172.16.1.154,Cam-154,1,Enabled,34.053444,74.874511,14 EME,50,192.168.1.254,Right,Controller
586,24,Level-3,HUB- 3,Left,15,172.16.1.154,Cam-154,1,Enabled,34.053439,74.874478,14 EME,50,192.168.1.254,Right,Controller
587,24,Level-3,HUB- 3,Left,14,172.16.1.154,Cam-154,1,Enabled,34.053424,74.874449,14 EME,50,192.168.1.254,Right,Controller
588,24,Level-3,HUB- 3,Left,13,172.16.1.154,Cam-154,1,Enabled,34.053407,74.874421,14 EME,50,192.168.1.254,Right,Controller
589,24,Level-3,HUB- 3,Left,12,172.16.1.154,Cam-154,1,Enabled,34.053393,74.874393,14 EME,50,192.168.1.254,Right,Controller
590,24,Level-3,HUB- 3,Left,11,172.16.1.154,Cam-154,1,Enabled,34.053378,74.874368,14 EME,50,192.168.1.254,Right,Controller
591,24,Level-3,HUB- 3,Left,10,172.16.1.154,Cam-154,1,Enabled,34.053365,74.874341,14 EME,50,192.168.1.254,Right,Controller
592,24,Level-3,HUB- 3,Left,9,172.16.1.154,Cam-154,1,Enabled,34.053345,74.874323,14 EME,50,192.168.1.254,Right,Controller
593,24,Level-3,HUB- 3,Left,8,172.16.1.154,Cam-154,1,Enabled,34.053328,74.874303,14 EME,50,192.168.1.254,Right,Controller
594,24,Level-3,HUB- 3,Left,7,172.16.1.154,Cam-154,1,Enabled,34.053311,74.874292,14 EME,50,192.168.1.254,Right,Controller
595,24,Level-3,HUB- 3,Left,6,172.16.1.154,Cam-154,1,Enabled,34.053292,74.87428,14 EME,50,192.168.1.254,Right,Controller
596,24,Level-3,HUB- 3,Left,5,172.16.1.154,Cam-154,1,Enabled,34.053276,74.874263,14 EME,50,192.168.1.254,Right,Controller
597,24,Level-3,HUB- 3,Left,4,172.16.1.154,Cam-154,1,Enabled,34.053259,74.874246,14 EME,50,192.168.1.254,Right,Controller
598,24,Level-3,HUB- 3,Left,3,172.16.1.154,Cam-154,1,Enabled,34.053248,74.874227,14 EME,50,192.168.1.254,Right,Controller
599,24,Level-3,HUB- 3,Left,2,172.16.1.154,Cam-154,1,Enabled,34.053236,74.874215,14 EME,50,192.168.1.254,Right,Controller
600,24,Level-3,HUB- 3,Left,1,172.16.1.154,Cam-154,1,Enabled,34.053228,74.874193,14 EME,50,192.168.1.254,Right,Controller
601,25,Level-3,HUB- 3,Right,1,172.16.1.154,Cam-154,1,Enabled,34.053208,74.87417,14 EME,50,192.168.1.254,Right,Controller
602,25,Level-3,HUB- 3,Right,2,172.16.1.154,Cam-154,1,Enabled,34.053185,74.874144,14 EME,50,192.168.1.254,Right,Controller
603,25,Level-3,HUB- 3,Right,3,172.16.1.154,Cam-154,1,Enabled,34.053179,74.874123,14 EME,50,192.168.1.254,Right,Controller
604,25,Level-3,HUB- 3,Right,4,172.16.1.154,Cam-154,1,Enabled,34.053169,74.874095,14 EME,50,192.168.1.254,Right,Controller
605,25,Level-3,HUB- 3,Right,5,172.16.1.154,Cam-154,1,Enabled,34.053167,74.874067,14 EME,50,192.168.1.254,Right,Controller
606,25,Level-3,HUB- 3,Right,6,172.16.1.154,Cam-154,1,Enabled,34.053153,74.874035,14 EME,50,192.168.1.254,Right,Controller
607,25,Level-3,HUB- 3,Right,7,172.16.1.154,Cam-154,1,Enabled,34.053147,74.874005,14 EME,50,192.168.1.254,Right,Controller
608,25,Level-3,HUB- 3,Right,8,172.16.1.154,Cam-154,1,Enabled,34.053141,74.873975,14 EME,50,192.168.1.254,Right,Controller
609,25,Level-3,HUB- 3,Right,9,172.16.1.154,Cam-154,1,Enabled,34.053135,74.873946,14 EME,50,192.168.1.254,Right,Controller
610,25,Level-3,HUB- 3,Right,10,172.16.1.154,Cam-154,1,Enabled,34.053122,74.873913,14 EME,50,192.168.1.254,Right,Controller
611,25,Level-3,HUB- 3,Right,11,172.16.1.154,Cam-154,1,Enabled,34.053114,74.873886,14 EME,50,192.168.1.254,Right,Controller
612,25,Level-3,HUB- 3,Right,12,172.16.1.154,Cam-154,1,Enabled,34.053107,74.87385,14 EME,50,192.168.1.254,Right,Controller
613,25,Level-3,HUB- 3,Right,13,172.16.1.154,Cam-154,1,Enabled,34.053095,74.873819,14 EME,50,192.168.1.254,Right,Controller
614,25,Level-3,HUB- 3,Right,14,172.16.1.154,Cam-154,1,Enabled,34.053093,74.873787,14 EME,50,192.168.1.254,Right,Controller
615,25,Level-3,HUB- 3,Right,15,172.16.1.154,Cam-154,1,Enabled,34.053078,74.873753,14 EME,50,192.168.1.254,Right,Controller
616,25,Level-3,HUB- 3,Right,16,172.16.1.154,Cam-154,1,Enabled,34.053072,74.873717,14 EME,50,192.168.1.254,Right,Controller
617,25,Level-3,HUB- 3,Right,17,172.16.1.154,Cam-154,1,Enabled,34.053065,74.873682,14 EME,50,192.168.1.254,Right,Controller
618,25,Level-3,HUB- 3,Right,18,172.16.1.154,Cam-154,1,Enabled,34.053054,74.873642,14 EME,50,192.168.1.254,Right,Controller
619,25,Level-3,HUB- 3,Right,19,172.16.1.154,Cam-154,1,Enabled,34.053047,74.873608,14 EME,50,192.168.1.254,Right,Controller
620,25,Level-3,HUB- 3,Right,20,172.16.1.154,Cam-154,1,Enabled,34.053041,74.873575,14 EME,50,192.168.1.254,Right,Controller
621,25,Level-3,HUB- 3,Right,21,172.16.1.154,Cam-154,1,Enabled,34.053031,74.873548,14 EME,50,192.168.1.254,Right,Controller
622,25,Level-3,HUB- 3,Right,22,172.16.1.154,Cam-154,1,Enabled,34.053025,74.87352,14 EME,50,192.168.1.254,Right,Controller
623,25,Level-3,HUB- 3,Right,23,172.16.1.154,Cam-154,1,Enabled,34.053015,74.873493,14 EME,50,192.168.1.254,Right,Controller
624,25,Level-3,HUB- 3,Right,24,172.16.1.154,Cam-154,1,Enabled,34.053006,74.873464,14 EME,50,192.168.1.254,Right,Controller
625,25,Level-3,HUB- 3,Right,25,172.16.1.154,Cam-154,1,Enabled,34.052997,74.87344,14 EME,50,192.168.1.254,Right,Controller
626,26,Level-3,HUB- 1,Left,150,172.16.1.139,Cam-139,1,Enabled,34.052987,74.873407,14 EME,50,192.168.1.254,Right,Controller
627,26,Level-3,HUB- 1,Left,149,172.16.1.139,Cam-139,1,Enabled,34.053466,74.877246,14 EME,50,192.168.1.254,Right,Controller
628,26,Level-3,HUB- 1,Left,148,172.16.1.139,Cam-139,1,Enabled,34.053476,74.877272,14 EME,50,192.168.1.254,Right,Controller
629,26,Level-3,HUB- 1,Left,147,172.16.1.139,Cam-139,1,Enabled,34.053493,74.877295,14 EME,50,192.168.1.254,Right,Controller
630,26,Level-3,HUB- 1,Left,146,172.16.1.139,Cam-139,1,Enabled,34.053506,74.877319,14 EME,50,192.168.1.254,Right,Controller
631,26,Level-3,HUB- 1,Left,145,172.16.1.139,Cam-139,1,Enabled,34.053524,74.877346,14 EME,50,192.168.1.254,Right,Controller
632,26,Level-3,HUB- 1,Left,144,172.16.1.139,Cam-139,1,Enabled,34.053536,74.877373,14 EME,50,192.168.1.254,Right,Controller
633,26,Level-3,HUB- 1,Left,143,172.16.1.139,Cam-139,1,Enabled,34.053553,74.877402,14 EME,50,192.168.1.254,Right,Controller
634,26,Level-3,HUB- 1,Left,142,172.16.1.139,Cam-139,1,Enabled,34.053572,74.877433,14 EME,50,192.168.1.254,Right,Controller
635,26,Level-3,HUB- 1,Left,141,172.16.1.139,Cam-139,1,Enabled,34.053592,74.877459,14 EME,50,192.168.1.254,Right,Controller
636,26,Level-3,HUB- 1,Left,140,172.16.1.139,Cam-139,1,Enabled,34.053609,74.87748,14 EME,50,192.168.1.254,Right,Controller
637,26,Level-3,HUB- 1,Left,139,172.16.1.139,Cam-139,1,Enabled,34.053623,74.877503,14 EME,50,192.168.1.254,Right,Controller
638,26,Level-3,HUB- 1,Left,138,172.16.1.139,Cam-139,1,Enabled,34.053643,74.877523,14 EME,50,192.168.1.254,Right,Controller
639,26,Level-3,HUB- 1,Left,137,172.16.1.139,Cam-139,1,Enabled,34.053659,74.877545,14 EME,50,192.168.1.254,Right,Controller
640,26,Level-3,HUB- 1,Left,136,172.16.1.139,Cam-139,1,Enabled,34.053675,74.877565,14 EME,50,192.168.1.254,Right,Controller
641,26,Level-3,HUB- 1,Left,135,172.16.1.139,Cam-139,1,Enabled,34.05369,74.877588,14 EME,50,192.168.1.254,Right,Controller
642,26,Level-3,HUB- 1,Left,134,172.16.1.139,Cam-139,1,Enabled,34.05371,74.877613,14 EME,50,192.168.1.254,Right,Controller
643,26,Level-3,HUB- 1,Left,133,172.16.1.139,Cam-139,1,Enabled,34.053727,74.877639,14 EME,50,192.168.1.254,Right,Controller
644,26,Level-3,HUB- 1,Left,132,172.16.1.139,Cam-139,1,Enabled,34.053745,74.877668,14 EME,50,192.168.1.254,Right,Controller
645,26,Level-3,HUB- 1,Left,131,172.16.1.139,Cam-139,1,Enabled,34.053768,74.8777,14 EME,50,192.168.1.254,Right,Controller
646,26,Level-3,HUB- 1,Left,130,172.16.1.139,Cam-139,1,Enabled,34.053787,74.877724,14 EME,50,192.168.1.254,Right,Controller
647,26,Level-3,HUB- 1,Left,129,172.16.1.139,Cam-139,1,Enabled,34.053802,74.877748,14 EME,50,192.168.1.254,Right,Controller
648,26,Level-3,HUB- 1,Left,128,172.16.1.139,Cam-139,1,Enabled,34.053817,74.877774,14 EME,50,192.168.1.254,Right,Controller
649,26,Level-3,HUB- 1,Left,127,172.16.1.139,Cam-139,1,Enabled,34.053835,74.877801,14 EME,50,192.168.1.254,Right,Controller
650,26,Level-3,HUB- 1,Left,126,172.16.1.139,Cam-139,1,Enabled,34.053847,74.877826,14 EME,50,192.168.1.254,Right,Controller
651,27,Level-3,HUB- 1,Left,125,172.16.1.134,Cam-134,1,Enabled,34.053864,74.877852,14 EME,50,192.168.1.254,Right,Controller
652,27,Level-3,HUB- 1,Left,124,172.16.1.134,Cam-134,1,Enabled,34.053889,74.877896,14 EME,50,192.168.1.254,Right,Controller
653,27,Level-3,HUB- 1,Left,123,172.16.1.134,Cam-134,1,Enabled,34.053899,74.877917,14 EME,50,192.168.1.254,Right,Controller
654,27,Level-3,HUB- 1,Left,122,172.16.1.134,Cam-134,1,Enabled,34.053914,74.877942,14 EME,50,192.168.1.254,Right,Controller
655,27,Level-3,HUB- 1,Left,121,172.16.1.134,Cam-134,1,Enabled,34.053926,74.877971,14 EME,50,192.168.1.254,Right,Controller
656,27,Level-3,HUB- 1,Left,120,172.16.1.134,Cam-134,1,Enabled,34.053941,74.878003,14 EME,50,192.168.1.254,Right,Controller
657,27,Level-3,HUB- 1,Left,119,172.16.1.134,Cam-134,1,Enabled,34.053955,74.878033,14 EME,50,192.168.1.254,Right,Controller
658,27,Level-3,HUB- 1,Left,118,172.16.1.134,Cam-134,1,Enabled,34.053968,74.878062,14 EME,50,192.168.1.254,Right,Controller
659,27,Level-3,HUB- 1,Left,117,172.16.1.134,Cam-134,1,Enabled,34.053981,74.878093,14 EME,50,192.168.1.254,Right,Controller
660,27,Level-3,HUB- 1,Left,116,172.16.1.134,Cam-134,1,Enabled,34.053992,74.878115,14 EME,50,192.168.1.254,Right,Controller
661,27,Level-3,HUB- 1,Left,115,172.16.1.134,Cam-134,1,Enabled,34.054001,74.878143,14 EME,50,192.168.1.254,Right,Controller
662,27,Level-3,HUB- 1,Left,114,172.16.1.134,Cam-134,1,Enabled,34.054009,74.878174,14 EME,50,192.168.1.254,Right,Controller
663,27,Level-3,HUB- 1,Left,113,172.16.1.134,Cam-134,1,Enabled,34.054019,74.878202,14 EME,50,192.168.1.254,Right,Controller
664,27,Level-3,HUB- 1,Left,112,172.16.1.134,Cam-134,1,Enabled,34.054025,74.878226,14 EME,50,192.168.1.254,Right,Controller
665,27,Level-3,HUB- 1,Left,111,172.16.1.134,Cam-134,1,Enabled,34.054034,74.87825,14 EME,50,192.168.1.254,Right,Controller
666,27,Level-3,HUB- 1,Left,110,172.16.1.134,Cam-134,1,Enabled,34.054044,74.878272,14 EME,50,192.168.1.254,Right,Controller
667,27,Level-3,HUB- 1,Left,109,172.16.1.134,Cam-134,1,Enabled,34.054057,74.878301,14 EME,50,192.168.1.254,Right,Controller
668,27,Level-3,HUB- 1,Left,108,172.16.1.134,Cam-134,1,Enabled,34.054069,74.878329,14 EME,50,192.168.1.254,Right,Controller
669,27,Level-3,HUB- 1,Left,107,172.16.1.134,Cam-134,1,Enabled,34.054077,74.878359,14 EME,50,192.168.1.254,Right,Controller
670,27,Level-3,HUB- 1,Left,106,172.16.1.134,Cam-134,1,Enabled,34.054088,74.878396,14 EME,50,192.168.1.254,Right,Controller
671,27,Level-3,HUB- 1,Left,105,172.16.1.134,Cam-134,1,Enabled,34.054102,74.878435,14 EME,50,192.168.1.254,Right,Controller
672,27,Level-3,HUB- 1,Left,104,172.16.1.134,Cam-134,1,Enabled,34.054112,74.87847,14 EME,50,192.168.1.254,Right,Controller
673,27,Level-3,HUB- 1,Left,103,172.16.1.134,Cam-134,1,Enabled,34.054121,74.878506,14 EME,50,192.168.1.254,Right,Controller
674,27,Level-3,HUB- 1,Left,102,172.16.1.134,Cam-134,1,Enabled,34.054127,74.878541,14 EME,50,192.168.1.254,Right,Controller
675,27,Level-3,HUB- 1,Left,101,172.16.1.134,Cam-134,1,Enabled,34.054136,74.878583,14 EME,50,192.168.1.254,Right,Controller
676,28,Level-3,HUB- 1,Left,100,172.16.1.134,Cam-134,1,Enabled,34.054144,74.878614,14 EME,50,192.168.1.254,Right,Controller
677,28,Level-3,HUB- 1,Left,99,172.16.1.134,Cam-134,1,Enabled,34.054148,74.87865,14 EME,50,192.168.1.254,Right,Controller
678,28,Level-3,HUB- 1,Left,98,172.16.1.134,Cam-134,1,Enabled,34.054153,74.878681,14 EME,50,192.168.1.254,Right,Controller
679,28,Level-3,HUB- 1,Left,97,172.16.1.134,Cam-134,1,Enabled,34.054162,74.878706,14 EME,50,192.168.1.254,Right,Controller
680,28,Level-3,HUB- 1,Left,96,172.16.1.134,Cam-134,1,Enabled,34.054169,74.878741,14 EME,50,192.168.1.254,Right,Controller
681,28,Level-3,HUB- 1,Left,95,172.16.1.134,Cam-134,1,Enabled,34.054182,74.878777,14 EME,50,192.168.1.254,Right,Controller
682,28,Level-3,HUB- 1,Left,94,172.16.1.134,Cam-134,1,Enabled,34.054185,74.878815,14 EME,50,192.168.1.254,Right,Controller
683,28,Level-3,HUB- 1,Left,93,172.16.1.134,Cam-134,1,Enabled,34.054188,74.878854,14 EME,50,192.168.1.254,Right,Controller
684,28,Level-3,HUB- 1,Left,92,172.16.1.134,Cam-134,1,Enabled,34.054195,74.878892,14 EME,50,192.168.1.254,Right,Controller
685,28,Level-3,HUB- 1,Left,91,172.16.1.134,Cam-134,1,Enabled,34.054201,74.878931,14 EME,50,192.168.1.254,Right,Controller
686,28,Level-3,HUB- 1,Left,90,172.16.1.134,Cam-134,1,Enabled,34.054205,74.87897,14 EME,50,192.168.1.254,Right,Controller
687,28,Level-3,HUB- 1,Left,89,172.16.1.134,Cam-134,1,Enabled,34.054206,74.879006,14 EME,50,192.168.1.254,Right,Controller
688,28,Level-3,HUB- 1,Left,88,172.16.1.134,Cam-134,1,Enabled,34.054208,74.879043,14 EME,50,192.168.1.254,Right,Controller
689,28,Level-3,HUB- 1,Left,87,172.16.1.134,Cam-134,1,Enabled,34.054212,74.879082,14 EME,50,192.168.1.254,Right,Controller
690,28,Level-3,HUB- 1,Left,86,172.16.1.134,Cam-134,1,Enabled,34.054218,74.879118,14 EME,50,192.168.1.254,Right,Controller
691,28,Level-3,HUB- 1,Left,85,172.16.1.134,Cam-134,1,Enabled,34.054219,74.879146,14 EME,50,192.168.1.254,Right,Controller
692,28,Level-3,HUB- 1,Left,84,172.16.1.134,Cam-134,1,Enabled,34.054226,74.879178,14 EME,50,192.168.1.254,Right,Controller
693,28,Level-3,HUB- 1,Left,83,172.16.1.134,Cam-134,1,Enabled,34.054228,74.879216,14 EME,50,192.168.1.254,Right,Controller
694,28,Level-3,HUB- 1,Left,82,172.16.1.134,Cam-134,1,Enabled,34.054233,74.879253,14 EME,50,192.168.1.254,Right,Controller
695,28,Level-3,HUB- 1,Left,81,172.16.1.134,Cam-134,1,Enabled,34.054229,74.879287,14 EME,50,192.168.1.254,Right,Controller
696,28,Level-3,HUB- 1,Left,80,172.16.1.134,Cam-134,1,Enabled,34.054227,74.879314,14 EME,50,192.168.1.254,Right,Controller
697,28,Level-3,HUB- 1,Left,79,172.16.1.134,Cam-134,1,Enabled,34.054218,74.879339,14 EME,50,192.168.1.254,Right,Controller
698,28,Level-3,HUB- 1,Left,78,172.16.1.134,Cam-134,1,Enabled,34.054212,74.879355,14 EME,50,192.168.1.254,Right,Controller
699,28,Level-3,HUB- 1,Left,77,172.16.1.134,Cam-134,1,Enabled,34.054204,74.879378,14 EME,50,192.168.1.254,Right,Controller
700,28,Level-3,HUB- 1,Left,76,172.16.1.134,Cam-134,1,Enabled,34.054199,74.879398,14 EME,50,192.168.1.254,Right,Controller
701,29,Level-3,HUB- 1,Left,75,172.16.1.134,Cam-134,1,Enabled,34.054197,74.879413,14 EME,50,192.168.1.254,Right,Controller
702,29,Level-3,HUB- 1,Left,74,172.16.1.134,Cam-134,1,Enabled,34.054186,74.879446,14 EME,50,192.168.1.254,Right,Controller
703,29,Level-3,HUB- 1,Left,73,172.16.1.134,Cam-134,1,Enabled,34.054181,74.879469,14 EME,50,192.168.1.254,Right,Controller
704,29,Level-3,HUB- 1,Left,72,172.16.1.134,Cam-134,1,Enabled,34.054176,74.879503,14 EME,50,192.168.1.254,Right,Controller
705,29,Level-3,HUB- 1,Left,71,172.16.1.134,Cam-134,1,Enabled,34.054168,74.879543,14 EME,50,192.168.1.254,Right,Controller
706,29,Level-3,HUB- 1,Left,70,172.16.1.134,Cam-134,1,Enabled,34.054162,74.879584,14 EME,50,192.168.1.254,Right,Controller
707,29,Level-3,HUB- 1,Left,69,172.16.1.134,Cam-134,1,Enabled,34.054161,74.879623,14 EME,50,192.168.1.254,Right,Controller
708,29,Level-3,HUB- 1,Left,68,172.16.1.134,Cam-134,1,Enabled,34.054161,74.879664,14 EME,50,192.168.1.254,Right,Controller
709,29,Level-3,HUB- 1,Left,67,172.16.1.134,Cam-134,1,Enabled,34.054159,74.879702,14 EME,50,192.168.1.254,Right,Controller
710,29,Level-3,HUB- 1,Left,66,172.16.1.134,Cam-134,1,Enabled,34.054155,74.879744,14 EME,50,192.168.1.254,Right,Controller
711,29,Level-3,HUB- 1,Left,65,172.16.1.134,Cam-134,1,Enabled,34.054159,74.879784,14 EME,50,192.168.1.254,Right,Controller
712,29,Level-3,HUB- 1,Left,64,172.16.1.134,Cam-134,1,Enabled,34.054164,74.879825,14 EME,50,192.168.1.254,Right,Controller
713,29,Level-3,HUB- 1,Left,63,172.16.1.134,Cam-134,1,Enabled,34.054168,74.879866,14 EME,50,192.168.1.254,Right,Controller
714,29,Level-3,HUB- 1,Left,62,172.16.1.134,Cam-134,1,Enabled,34.054168,74.879901,14 EME,50,192.168.1.254,Right,Controller
715,29,Level-3,HUB- 1,Left,61,172.16.1.134,Cam-134,1,Enabled,34.054173,74.879936,14 EME,50,192.168.1.254,Right,Controller
716,29,Level-3,HUB- 1,Left,60,172.16.1.134,Cam-134,1,Enabled,34.054176,74.879971,14 EME,50,192.168.1.254,Right,Controller
717,29,Level-3,HUB- 1,Left,59,172.16.1.134,Cam-134,1,Enabled,34.054185,74.880003,14 EME,50,192.168.1.254,Right,Controller
718,29,Level-3,HUB- 1,Left,58,172.16.1.134,Cam-134,1,Enabled,34.054196,74.880039,14 EME,50,192.168.1.254,Right,Controller
719,29,Level-3,HUB- 1,Left,57,172.16.1.134,Cam-134,1,Enabled,34.054208,74.880067,14 EME,50,192.168.1.254,Right,Controller
720,29,Level-3,HUB- 1,Left,56,172.16.1.134,Cam-134,1,Enabled,34.054223,74.88009,14 EME,50,192.168.1.254,Right,Controller
721,29,Level-3,HUB- 1,Left,55,172.16.1.134,Cam-134,1,Enabled,34.054234,74.880113,14 EME,50,192.168.1.254,Right,Controller
722,29,Level-3,HUB- 1,Left,54,172.16.1.134,Cam-134,1,Enabled,34.054245,74.880136,14 EME,50,192.168.1.254,Right,Controller
723,29,Level-3,HUB- 1,Left,53,172.16.1.134,Cam-134,1,Enabled,34.054254,74.88016,14 EME,50,192.168.1.254,Right,Controller
724,29,Level-3,HUB- 1,Left,52,172.16.1.134,Cam-134,1,Enabled,34.054264,74.880184,14 EME,50,192.168.1.254,Right,Controller
725,29,Level-3,HUB- 1,Left,51,172.16.1.134,Cam-134,1,Enabled,34.054275,74.880207,14 EME,50,192.168.1.254,Right,Controller
726,30,Level-3,HUB- 1,Left,50,172.16.1.129,Cam-129,1,Enabled,34.054283,74.880246,14 EME,50,192.168.1.254,Right,Controller
727,30,Level-3,HUB- 1,Left,49,172.16.1.129,Cam-129,1,Enabled,34.05429,74.880276,14 EME,50,192.168.1.254,Right,Controller
728,30,Level-3,HUB- 1,Left,48,172.16.1.129,Cam-129,1,Enabled,34.054294,74.88031,14 EME,50,192.168.1.254,Right,Controller
729,30,Level-3,HUB- 1,Left,47,172.16.1.129,Cam-129,1,Enabled,34.054295,74.880338,14 EME,50,192.168.1.254,Right,Controller
730,30,Level-3,HUB- 1,Left,46,172.16.1.129,Cam-129,1,Enabled,34.054303,74.88037,14 EME,50,192.168.1.254,Right,Controller
731,30,Level-3,HUB- 1,Left,45,172.16.1.129,Cam-129,1,Enabled,34.05431,74.880397,14 EME,50,192.168.1.254,Right,Controller
732,30,Level-3,HUB- 1,Left,44,172.16.1.129,Cam-129,1,Enabled,34.054317,74.880428,14 EME,50,192.168.1.254,Right,Controller
733,30,Level-3,HUB- 1,Left,43,172.16.1.129,Cam-129,1,Enabled,34.054326,74.88046,14 EME,50,192.168.1.254,Right,Controller
734,30,Level-3,HUB- 1,Left,42,172.16.1.129,Cam-129,1,Enabled,34.054332,74.880495,14 EME,50,192.168.1.254,Right,Controller
735,30,Level-3,HUB- 1,Left,41,172.16.1.129,Cam-129,1,Enabled,34.054342,74.880525,14 EME,50,192.168.1.254,Right,Controller
736,30,Level-3,HUB- 1,Left,40,172.16.1.129,Cam-129,1,Enabled,34.054353,74.880551,14 EME,50,192.168.1.254,Right,Controller
737,30,Level-3,HUB- 1,Left,39,172.16.1.129,Cam-129,1,Enabled,34.054367,74.880578,14 EME,50,192.168.1.254,Right,Controller
738,30,Level-3,HUB- 1,Left,38,172.16.1.129,Cam-129,1,Enabled,34.054375,74.880605,14 EME,50,192.168.1.254,Right,Controller
739,30,Level-3,HUB- 1,Left,37,172.16.1.129,Cam-129,1,Enabled,34.054384,74.880635,14 EME,50,192.168.1.254,Right,Controller
740,30,Level-3,HUB- 1,Left,36,172.16.1.129,Cam-129,1,Enabled,34.054392,74.880664,14 EME,50,192.168.1.254,Right,Controller
741,30,Level-3,HUB- 1,Left,35,172.16.1.129,Cam-129,1,Enabled,34.054397,74.880692,14 EME,50,192.168.1.254,Right,Controller
742,30,Level-3,HUB- 1,Left,34,172.16.1.129,Cam-129,1,Enabled,34.054399,74.880726,14 EME,50,192.168.1.254,Right,Controller
743,30,Level-3,HUB- 1,Left,33,172.16.1.129,Cam-129,1,Enabled,34.054407,74.880761,14 EME,50,192.168.1.254,Right,Controller
744,30,Level-3,HUB- 1,Left,32,172.16.1.129,Cam-129,1,Enabled,34.054416,74.880794,14 EME,50,192.168.1.254,Right,Controller
745,30,Level-3,HUB- 1,Left,31,172.16.1.129,Cam-129,1,Enabled,34.054422,74.880829,14 EME,50,192.168.1.254,Right,Controller
746,30,Level-3,HUB- 1,Left,30,172.16.1.129,Cam-129,1,Enabled,34.054426,74.880859,14 EME,50,192.168.1.254,Right,Controller
747,30,Level-3,HUB- 1,Left,29,172.16.1.129,Cam-129,1,Enabled,34.054425,74.880884,14 EME,50,192.168.1.254,Right,Controller
748,30,Level-3,HUB- 1,Left,28,172.16.1.129,Cam-129,1,Enabled,34.054417,74.880904,14 EME,50,192.168.1.254,Right,Controller
749,30,Level-3,HUB- 1,Left,27,172.16.1.129,Cam-129,1,Enabled,34.054392,74.88092,14 EME,50,192.168.1.254,Right,Controller
750,30,Level-3,HUB- 1,Left,26,172.16.1.129,Cam-129,1,Enabled,34.054383,74.880947,14 EME,50,192.168.1.254,Right,Controller
751,31,Level-3,HUB- 1,Left,25,172.16.1.164,Cam-164,1,Enabled,34.051625,74.869629,14 EME,50,192.168.1.254,Right,Controller
752,31,Level-3,HUB- 1,Left,24,172.16.1.164,Cam-164,1,Enabled,34.051621,74.869611,14 EME,50,192.168.1.254,Right,Controller
753,31,Level-3,HUB- 1,Left,23,172.16.1.164,Cam-164,1,Enabled,34.051618,74.869578,14 EME,50,192.168.1.254,Right,Controller
754,31,Level-3,HUB- 1,Left,22,172.16.1.164,Cam-164,1,Enabled,34.051618,74.869546,14 EME,50,192.168.1.254,Right,Controller
755,31,Level-3,HUB- 1,Left,21,172.16.1.164,Cam-164,1,Enabled,34.051616,74.869519,14 EME,50,192.168.1.254,Right,Controller
756,31,Level-3,HUB- 1,Left,20,172.16.1.164,Cam-164,1,Enabled,34.051615,74.869485,14 EME,50,192.168.1.254,Right,Controller
757,31,Level-3,HUB- 1,Left,19,172.16.1.164,Cam-164,1,Enabled,34.051611,74.869451,14 EME,50,192.168.1.254,Right,Controller
758,31,Level-3,HUB- 1,Left,18,172.16.1.164,Cam-164,1,Enabled,34.051611,74.86942,14 EME,50,192.168.1.254,Right,Controller
759,31,Level-3,HUB- 1,Left,17,172.16.1.164,Cam-164,1,Enabled,34.051607,74.869379,14 EME,50,192.168.1.254,Right,Controller
760,31,Level-3,HUB- 1,Left,16,172.16.1.164,Cam-164,1,Enabled,34.051604,74.869344,14 EME,50,192.168.1.254,Right,Controller
761,31,Level-3,HUB- 1,Left,15,172.16.1.164,Cam-164,1,Enabled,34.051602,74.869314,14 EME,50,192.168.1.254,Right,Controller
762,31,Level-3,HUB- 1,Left,14,172.16.1.164,Cam-164,1,Enabled,34.051596,74.869289,14 EME,50,192.168.1.254,Right,Controller
763,31,Level-3,HUB- 1,Left,13,172.16.1.164,Cam-164,1,Enabled,34.05159,74.869258,14 EME,50,192.168.1.254,Right,Controller
764,31,Level-3,HUB- 1,Left,12,172.16.1.164,Cam-164,1,Enabled,34.05158,74.869231,14 EME,50,192.168.1.254,Right,Controller
765,31,Level-3,HUB- 1,Left,11,172.16.1.164,Cam-164,1,Enabled,34.051573,74.8692,14 EME,50,192.168.1.254,Right,Controller
766,31,Level-3,HUB- 1,Left,10,172.16.1.164,Cam-164,1,Enabled,34.051568,74.869172,14 EME,50,192.168.1.254,Right,Controller
767,31,Level-3,HUB- 1,Left,9,172.16.1.164,Cam-164,1,Enabled,34.051562,74.869143,14 EME,50,192.168.1.254,Right,Controller
768,31,Level-3,HUB- 1,Left,8,172.16.1.164,Cam-164,1,Enabled,34.051552,74.869113,14 EME,50,192.168.1.254,Right,Controller
769,31,Level-3,HUB- 1,Left,7,172.16.1.164,Cam-164,1,Enabled,34.051545,74.86908,14 EME,50,192.168.1.254,Right,Controller
770,31,Level-3,HUB- 1,Left,6,172.16.1.164,Cam-164,1,Enabled,34.051536,74.869039,14 EME,50,192.168.1.254,Right,Controller
771,31,Level-3,HUB- 1,Left,5,172.16.1.164,Cam-164,1,Enabled,34.051529,74.869002,14 EME,50,192.168.1.254,Right,Controller
772,31,Level-3,HUB- 1,Left,4,172.16.1.164,Cam-164,1,Enabled,34.051519,74.86897,14 EME,50,192.168.1.254,Right,Controller
773,31,Level-3,HUB- 1,Left,3,172.16.1.164,Cam-164,1,Enabled,34.051511,74.868936,14 EME,50,192.168.1.254,Right,Controller
774,31,Level-3,HUB- 1,Left,2,172.16.1.164,Cam-164,1,Enabled,34.051505,74.868901,14 EME,50,192.168.1.254,Right,Controller
775,31,Level-3,HUB- 1,Left,1,172.16.1.164,Cam-164,1,Enabled,34.051499,74.868876,14 EME,50,192.168.1.254,Right,Controller
